Country.Name,Country.Code,Time,ed_attain_low_sec,gini_index,labor_adv_edu,edu_exp_public,gdp_per_capita,cancellazioni
United States,USA,2013,95.2045288085938,40.9,74.971,NA,53297.3862901595,1376
United States,USA,2014,95.2634735107422,41.7,74.352,NA,55153.3940182967,1398
United States,USA,2015,95.3349685668945,41.5,73.844,91.3460311889648,56849.4697923159,1391
United States,USA,2016,95.5852432250977,41.3,73.56,92.6043090820312,57976.628204291,1531
United States,USA,2017,94.9176025390625,41.4,73.25,90.7703323364258,60047.7190728307,1521
United States,USA,2018,96.0293731689453,41.8,73.175,90.6240310668945,62875.6661382728,1619
United States,USA,2019,97.6129471753246,41.9,73.125,90.4247589111328,65227.9565911035,1526
United States,USA,2020,96.4607696533203,40,71.64,90.0018997192383,64401.5074354209,1513
United States,USA,2021,95.2501678466797,39.7,71.375,90.4010391235352,71307.4017277218,1362
United States,USA,2022,96.4930725097656,41.7,71.78,NA,77860.9112908848,1858
United States,USA,2023,96.503532409668,41.8,71.866,NA,82304.6204272866,2224
United States,USA,2024,96.6203231811523,41.8,71.592,NA,85809.9003846359,2704
United Kingdom,GBR,2013,99.8322906494141,32.7,84.075,97.3239669799805,39947.5369562562,3424
United Kingdom,GBR,2014,99.8598480224609,33.1,84.108,97.2889175415039,41266.8197795309,3170
United Kingdom,GBR,2017,99.7478179931641,32.6,84.02,97.4917297363281,46113.0211677324,4799
United Kingdom,GBR,2020,99.8025970458984,32.7,85.343,91.9917678833008,48230.0477027461,7869
United Kingdom,GBR,2021,99.8148498535156,32.4,85.45,92.3381271362305,51004.4271714238,4692
Spain,ESP,2013,72.3803522238448,36.2,82.273,94.1541900634766,32613.6891811474,1030
Spain,ESP,2014,73.7143478393555,36.1,81.024,94.714958190918,33760.9555646369,1007
Spain,ESP,2015,74.8149490356445,36.2,80.905,94.6510314941406,35228.6333036223,1062
Spain,ESP,2016,75.7975234985352,35.8,81.107,95.4447326660156,37612.7188681342,1357
Spain,ESP,2017,79.193787831246,34.7,79.89,94.8786926269531,39825.2498116292,1732
Spain,ESP,2018,77.7223587036133,34.7,80.124,94.9009094238281,41015.1565755187,1853
Spain,ESP,2019,81.0112166290588,34.3,79.405,94.7023162841797,44042.757577336,1764
Spain,ESP,2020,80.7694320678711,34.9,78.708,94.5676803588867,39327.8479269599,1849
Spain,ESP,2021,83.3149933359569,33.9,78.529,94.0092010498047,44251.6658222621,1723
Spain,ESP,2022,83.932488771269007,33.6,78.619,93.0252380371094,51398.9310403407,2047
Spain,ESP,2023,84.2945705682212,33.4,78.953,NA,55682.2402603093,3284
Netherlands,NLD,2013,89.4114608764648,28.1,80.533,87.8246383666992,49622.0519614799,364
Netherlands,NLD,2014,89.3653717041016,28.6,80.208,87.9478530883789,49751.3092860822,430
Netherlands,NLD,2015,89.4881210327148,28.2,79.58,88.6125793457031,50956.6930942185,485
Netherlands,NLD,2016,89.7140426635742,28.2,79.223,89.1797180175781,53162.2791598028,503
Netherlands,NLD,2017,91.2555195402836,28.5,79.11,89.0810165405273,56037.567993606,524
Netherlands,NLD,2018,90.3683166503906,28.1,79.439,89.3816070556641,58819.2609142584,632
Netherlands,NLD,2019,91.9366758031883,29.2,78.97,89.2320938110352,62345.2538465433,1195
Netherlands,NLD,2020,91.2177810668945,26,78.973,88.9214401245117,62596.6302027524,1218
Netherlands,NLD,2021,90.9582104013994,25.7,79.378,88.4480667114258,68573.5648786446,1182
Netherlands,NLD,2022,91.1451951874545,NA,80.316,88.6285400390625,78630.3599072098,1756
Netherlands,NLD,2023,90.2764267356421,NA,79.885,NA,81728.6904629268,2030
Germany,DEU,2013,96.6717910766602,31.4,74.112,92.6011123657227,45889.0173022052,2026
Germany,DEU,2014,96.7991485595703,30.8,74.058,92.9386215209961,47938.7968210418,2559
Germany,DEU,2015,96.7161178588867,31.4,73.63,93.2091369628906,48545.400721962,3453
Germany,DEU,2016,96.5136413574219,31.3,74.031,93.3091735839844,51569.9016841199,3751
Germany,DEU,2017,96.351735105875,31.3,74.072,93.0598220825195,54110.2536648812,3704
Germany,DEU,2018,96.3322525024414,31.9,73.74,92.4847106933594,56273.0405627017,3832
Germany,DEU,2019,96.3561625677397,32.2,74.372,91.5839385986328,59270.7276496985,3093
Germany,DEU,2020,95.6803817749023,32.5,72.689,90.5216827392578,58685.872699771,3672
Germany,DEU,2022,94.7800091310913,33.7,72.721,90.2457809448242,69048.9884036885,3934
Germany,DEU,2023,94.7810223403315,NA,73.015,NA,71684.0311875583,4417
France,FRA,2013,81.5009994506836,32.5,76.164,NA,39583.3520435045,1658
France,FRA,2014,82.6331634521484,32.3,77.381,NA,40218.1258637776,1624
France,FRA,2015,83.2034301757812,32.7,77.515,NA,40905.1767750994,2177
France,FRA,2016,83.6858291625977,31.9,77.289,NA,42880.2351355431,2040
France,FRA,2017,84.2147979736328,31.6,76.602,92.3666305541992,44469.1458856805,2343
France,FRA,2018,84.9328999371132,32.4,76.548,92.1541519165039,46381.0590629457,2695
France,FRA,2019,85.5956573486328,31.2,76.637,91.5382308959961,51130.4723140578,2403
France,FRA,2020,86.4647576771151,30.7,75.651,91.9781188964844,49481.8044309655,2735
France,FRA,2021,90.7347194200938,31.5,77.388,91.2592086791992,52517.3354905855,2315
France,FRA,2022,91.042855672505,31.2,77.286,91.0036010742188,57042.9449013772,2838
France,FRA,2023,91.6159036525416,31.8,77.218,NA,60838.9416716424,3089
Australia,AUS,2013,91.081413269043,NA,82.581,NA,46123.4750962848,365
Australia,AUS,2014,91.8276672363281,34.4,81.277,NA,47108.5906459966,449
Australia,AUS,2015,92.6488571166992,NA,82.086,NA,46464.5867627929,467
Australia,AUS,2016,92.7639923095703,33.7,81.42,NA,47446.2103030951,572
Australia,AUS,2017,93.0057067871094,NA,81.796,NA,48564.8286592372,641
Australia,AUS,2018,93.4390716552734,34.3,78.824,NA,50371.233830782,641
Australia,AUS,2019,93.9455032348633,NA,79.215,NA,52885.8313816377,526
Australia,AUS,2020,94.5065307617188,33.8,78.315,NA,54184.1614486854,630
Australia,AUS,2021,94.5512771606445,NA,78.939,NA,58327.4146842325,510
Australia,AUS,2022,95.0222778320312,NA,78.775,NA,66103.1797066957,481
Australia,AUS,2023,92.8643691983533,NA,79.332,NA,72272.7092136683,680
Australia,AUS,2024,93.1921740157615,NA,79.454,NA,72111.1844628126,1008
Austria,AUT,2014,99.5548477172852,30.5,76.676,95.0187911987305,48355.4977624407,395
Austria,AUT,2015,98.9923808970287,30.5,76.79,94.5102081298828,49549.3162311441,530
Austria,AUT,2016,98.9686390822096,30.8,76.749,93.7537612915039,52397.8635176674,508
Austria,AUT,2017,99.0295070633791,29.7,77.229,93.3056716918945,53869.8321183556,519
Austria,AUT,2018,98.931992061047,30.8,76.643,92.8928527832031,56636.4953030542,485
Austria,AUT,2019,98.8267504410167,30.2,76.606,93.13623046875,60354.9279422121,518
Austria,AUT,2020,98.9565351673245,29.8,76.765,93.1524200439453,58523.0337816246,624
Austria,AUT,2021,94.7140197753906,30.7,76.768,92.7644729614258,62968.9422311892,513
Brazil,BRA,2013,55.8442993164062,52.7,81.478,93.7622909545898,15722.3335243701,880
Brazil,BRA,2014,56.3307189941406,52.1,82.883,93.4343032836914,15827.3081625749,969
Brazil,BRA,2015,57.5709915161133,51.9,83.271,96.0512619018555,14821.4383175183,1428
Brazil,BRA,2016,58.2031097412109,53.4,83.492,96.6319885253906,14309.2061488342,1635
Brazil,BRA,2017,59.1219291687012,53.3,83.461,97.5223693847656,14559.0488897884,2693
Brazil,BRA,2018,60.0145111083984,53.9,83.228,96.9330520629883,15463.7426393743,3630
Brazil,BRA,2019,63,53.5,83.399,97.0306930541992,16069.838015161,2270
Brazil,BRA,2020,65.2,48.8,80.02,96.2684478759766,16101.6183062954,1198
Brazil,BRA,2021,66.2,52.9,80.86,94.9770431518555,18075.7060048757,663
Brazil,BRA,2022,66.5,51.9,82.262,95.2666473388672,19876.8533531396,840
Brazil,BRA,2023,67.2,51.5,82.136,NA,21175.6186988214,933
Belgium,BEL,2013,81.5879364013672,27.7,75.745,94.4083862304688,43864.1204196838,491
Belgium,BEL,2014,82.3405303955078,28.1,75.737,95.1755676269531,45147.6429534057,528
Belgium,BEL,2015,84.3579177856445,27.7,75.022,94.9603424072266,46071.914889496,573
Belgium,BEL,2016,84.7895202636719,27.6,75.054,94.4400863647461,48414.5518065681,597
Belgium,BEL,2017,86.5041732788086,27.4,75.717,94.8713226318359,50256.0631772784,611
Belgium,BEL,2018,87.3258293777923,27.2,74.824,94.5508499145508,52466.7330784599,675
Belgium,BEL,2019,88.4269638061523,27.2,75.138,94.6488876342773,56712.469571978,756
Belgium,BEL,2020,88.2376237341186,26,75.472,94.8558807373047,56120.0958420466,1058
Belgium,BEL,2021,88.5607173632664,26.6,75.313,95.2352981567383,60669.2137746531,930
Belgium,BEL,2022,88.7167430084043,26.4,75.994,95.4406433105469,69128.1388883843,1300
Belgium,BEL,2023,88.857280524325,26.8,75.902,NA,71946.1447190292,1728
Ireland,IRL,2013,84.0076737757631,33.5,81.398,94.1724700927734,48838.7719825525,294
Ireland,IRL,2014,86.8811158408756,31.9,80.534,93.7669219970703,52640.7843918553,335
Ireland,IRL,2015,87.1459000285528,31.8,80.933,93.1129302978516,71588.2656638378,402
Ireland,IRL,2016,87.3533462958035,32.8,80.82,92.5962982177734,73012.8198720374,577
Ireland,IRL,2017,86.1611022949219,31.4,81.11,94.729621887207,80450.3529336506,775
Ireland,IRL,2018,88.2008757922225,30.6,81.308,94.7925415039062,86299.3420216976,769
Ireland,IRL,2019,88.318227973516,30.3,81.153,93.8270568847656,92022.59879983,848
Ireland,IRL,2020,89.26992229666,29.2,80.606,92.8661117553711,97799.9225748607,720
Ireland,IRL,2021,90.683408773517,29.4,81.954,100,116903.61243517,524
Ireland,IRL,2022,90.8931906613085,29.9,83.201,NA,138522.517800204,623
Ireland,IRL,2023,92.463639353696,29,82.42,NA,129682.607150517,1121
Switzerland,CHE,2014,97.0206527709961,32.5,80.685,90.0399398803711,63417.0438110319,2397
Switzerland,CHE,2015,97.0939331054688,32.3,80.574,89.7573165893555,65265.04573356,2652
Switzerland,CHE,2016,96.8901824951172,33,80.987,89.4042816162109,67350.7518747757,2624
Switzerland,CHE,2017,96.9631505375797,32.7,81.037,NA,68193.5055940262,2393
Switzerland,CHE,2018,97.0852584838867,33.1,81.36,NA,70688.8187491194,2336
Switzerland,CHE,2019,97.1908187866211,34,81.693,NA,73732.2353322093,2127
Switzerland,CHE,2020,97.2358464399196,33.7,81.272,NA,72997.8239503282,2605
Switzerland,CHE,2021,97.9603789765694,33.8,80.847,NA,81001.4111206118,2433
Switzerland,CHE,2022,98.0615729035049,33.8,79.766,NA,94421.4576550424,3079
Switzerland,CHE,2023,98.1784897668191,NA,80.435,NA,95141.5960943632,3874
Switzerland,CHE,2024,98.1873131956611,NA,80.044,NA,96497.6947971323,4206
United Kingdom,GBR,2015,NA,33.3,84.227,97.3840789794922,42515.278865824,4131
United Kingdom,GBR,2016,NA,33.1,84.118,97.6972198486328,44085.2025586772,5661
United Kingdom,GBR,2018,NA,33.7,84.291,97.6850814819336,47212.2045190522,4601
United Kingdom,GBR,2019,NA,32.8,84.573,97.8219985961914,50064.9605582187,7097
Germany,DEU,2021,NA,33.6,73.013,90.5738906860352,62530.7653199239,3159
Austria,AUT,2013,NA,30.8,77.013,95.4508590698242,47519.8522796571,413
Austria,AUT,2022,NA,30.9,79.946,92.1629409790039,72065.4974270106,789
Austria,AUT,2023,NA,31.2,79.741,NA,73544.6567230487,1024
Brazil,BRA,2024,NA,50.3,82.268,NA,22338.4765640635,1171
Switzerland,CHE,2013,NA,32.5,81.296,90.9665985107422,61656.4661708516,2427
United Kingdom,GBR,2022,NA,NA,84.478,NA,59021.5721805914,4377
United Kingdom,GBR,2023,NA,NA,85.066,NA,59911.3467663209,4377
United Kingdom,GBR,2024,NA,NA,85.351,NA,62009.4907765366,4696
Spain,ESP,2024,NA,NA,78.325,NA,57965.2948138837,5588
Netherlands,NLD,2024,NA,NA,79.624,NA,86173.6290841738,2311
Germany,DEU,2024,NA,NA,73.112,NA,73551.9347696836,5393
France,FRA,2024,NA,NA,77.4,NA,62556.91810454,3625
Austria,AUT,2024,NA,NA,79.589,NA,73911.439663136,1108
Belgium,BEL,2024,NA,NA,75.264,NA,73514.4831045258,2117
Ireland,IRL,2024,NA,NA,82.576,NA,133437.470117019,739
