DATAFLOW,LAST UPDATE,freq,unit,sex,age,citizen,geo,TIME_PERIOD,OBS_VALUE,OBS_FLAG,CONF_STATUS
ESTAT:LFSA_EGAN(1.0),17/04/26 11:00:00,Annual,Thousand persons,Females,From 15 to 64 years,EU27 countries (from 2020) except reporting country,Germany,2013,713.4,,
ESTAT:LFSA_EGAN(1.0),17/04/26 11:00:00,Annual,Thousand persons,Females,From 15 to 64 years,EU27 countries (from 2020) except reporting country,Germany,2014,753.2,,
ESTAT:LFSA_EGAN(1.0),17/04/26 11:00:00,Annual,Thousand persons,Females,From 15 to 64 years,EU27 countries (from 2020) except reporting country,Germany,2015,826.3,,
ESTAT:LFSA_EGAN(1.0),17/04/26 11:00:00,Annual,Thousand persons,Females,From 15 to 64 years,EU27 countries (from 2020) except reporting country,Germany,2016,936.9,,
ESTAT:LFSA_EGAN(1.0),17/04/26 11:00:00,Annual,Thousand persons,Females,From 15 to 64 years,EU27 countries (from 2020) except reporting country,Germany,2017,976.9,,
ESTAT:LFSA_EGAN(1.0),17/04/26 11:00:00,Annual,Thousand persons,Females,From 15 to 64 years,EU27 countries (from 2020) except reporting country,Germany,2018,1056.3,,
ESTAT:LFSA_EGAN(1.0),17/04/26 11:00:00,Annual,Thousand persons,Females,From 15 to 64 years,EU27 countries (from 2020) except reporting country,Germany,2019,1109.7,,
ESTAT:LFSA_EGAN(1.0),17/04/26 11:00:00,Annual,Thousand persons,Females,From 15 to 64 years,EU27 countries (from 2020) except reporting country,Germany,2020,1061.2,b,
ESTAT:LFSA_EGAN(1.0),17/04/26 11:00:00,Annual,Thousand persons,Females,From 15 to 64 years,EU27 countries (from 2020) except reporting country,Germany,2021,960.7,b,
ESTAT:LFSA_EGAN(1.0),17/04/26 11:00:00,Annual,Thousand persons,Females,From 15 to 64 years,EU27 countries (from 2020) except reporting country,Germany,2022,1105.1,,
ESTAT:LFSA_EGAN(1.0),17/04/26 11:00:00,Annual,Thousand persons,Females,From 15 to 64 years,EU27 countries (from 2020) except reporting country,Germany,2023,1109.6,,
ESTAT:LFSA_EGAN(1.0),17/04/26 11:00:00,Annual,Thousand persons,Females,From 15 to 64 years,EU27 countries (from 2020) except reporting country,Germany,2024,1094.8,,
ESTAT:LFSA_EGAN(1.0),17/04/26 11:00:00,Annual,Thousand persons,Females,From 15 to 64 years,EU27 countries (from 2020) except reporting country,Spain,2013,325.8,,
ESTAT:LFSA_EGAN(1.0),17/04/26 11:00:00,Annual,Thousand persons,Females,From 15 to 64 years,EU27 countries (from 2020) except reporting country,Spain,2014,325.9,,
ESTAT:LFSA_EGAN(1.0),17/04/26 11:00:00,Annual,Thousand persons,Females,From 15 to 64 years,EU27 countries (from 2020) except reporting country,Spain,2015,325.6,,
ESTAT:LFSA_EGAN(1.0),17/04/26 11:00:00,Annual,Thousand persons,Females,From 15 to 64 years,EU27 countries (from 2020) except reporting country,Spain,2016,341.6,,
ESTAT:LFSA_EGAN(1.0),17/04/26 11:00:00,Annual,Thousand persons,Females,From 15 to 64 years,EU27 countries (from 2020) except reporting country,Spain,2017,355.5,,
ESTAT:LFSA_EGAN(1.0),17/04/26 11:00:00,Annual,Thousand persons,Females,From 15 to 64 years,EU27 countries (from 2020) except reporting country,Spain,2018,372.3,,
ESTAT:LFSA_EGAN(1.0),17/04/26 11:00:00,Annual,Thousand persons,Females,From 15 to 64 years,EU27 countries (from 2020) except reporting country,Spain,2019,409.3,,
ESTAT:LFSA_EGAN(1.0),17/04/26 11:00:00,Annual,Thousand persons,Females,From 15 to 64 years,EU27 countries (from 2020) except reporting country,Spain,2020,374.3,,
ESTAT:LFSA_EGAN(1.0),17/04/26 11:00:00,Annual,Thousand persons,Females,From 15 to 64 years,EU27 countries (from 2020) except reporting country,Spain,2021,334.7,bd,
ESTAT:LFSA_EGAN(1.0),17/04/26 11:00:00,Annual,Thousand persons,Females,From 15 to 64 years,EU27 countries (from 2020) except reporting country,Spain,2022,360.1,d,
ESTAT:LFSA_EGAN(1.0),17/04/26 11:00:00,Annual,Thousand persons,Females,From 15 to 64 years,EU27 countries (from 2020) except reporting country,Spain,2023,399.0,d,
ESTAT:LFSA_EGAN(1.0),17/04/26 11:00:00,Annual,Thousand persons,Females,From 15 to 64 years,EU27 countries (from 2020) except reporting country,Spain,2024,435.4,d,
ESTAT:LFSA_EGAN(1.0),17/04/26 11:00:00,Annual,Thousand persons,Females,From 15 to 64 years,EU27 countries (from 2020) except reporting country,European Union - 27 countries (from 2020),2013,2321.6,,
ESTAT:LFSA_EGAN(1.0),17/04/26 11:00:00,Annual,Thousand persons,Females,From 15 to 64 years,EU27 countries (from 2020) except reporting country,European Union - 27 countries (from 2020),2014,2445.8,,
ESTAT:LFSA_EGAN(1.0),17/04/26 11:00:00,Annual,Thousand persons,Females,From 15 to 64 years,EU27 countries (from 2020) except reporting country,European Union - 27 countries (from 2020),2015,2534.2,,
ESTAT:LFSA_EGAN(1.0),17/04/26 11:00:00,Annual,Thousand persons,Females,From 15 to 64 years,EU27 countries (from 2020) except reporting country,European Union - 27 countries (from 2020),2016,2738.0,,
ESTAT:LFSA_EGAN(1.0),17/04/26 11:00:00,Annual,Thousand persons,Females,From 15 to 64 years,EU27 countries (from 2020) except reporting country,European Union - 27 countries (from 2020),2017,2859.9,,
ESTAT:LFSA_EGAN(1.0),17/04/26 11:00:00,Annual,Thousand persons,Females,From 15 to 64 years,EU27 countries (from 2020) except reporting country,European Union - 27 countries (from 2020),2018,2958.5,,
ESTAT:LFSA_EGAN(1.0),17/04/26 11:00:00,Annual,Thousand persons,Females,From 15 to 64 years,EU27 countries (from 2020) except reporting country,European Union - 27 countries (from 2020),2019,3091.9,,
ESTAT:LFSA_EGAN(1.0),17/04/26 11:00:00,Annual,Thousand persons,Females,From 15 to 64 years,EU27 countries (from 2020) except reporting country,European Union - 27 countries (from 2020),2020,2973.2,,
ESTAT:LFSA_EGAN(1.0),17/04/26 11:00:00,Annual,Thousand persons,Females,From 15 to 64 years,EU27 countries (from 2020) except reporting country,European Union - 27 countries (from 2020),2021,2873.1,b,
ESTAT:LFSA_EGAN(1.0),17/04/26 11:00:00,Annual,Thousand persons,Females,From 15 to 64 years,EU27 countries (from 2020) except reporting country,European Union - 27 countries (from 2020),2022,3142.9,,
ESTAT:LFSA_EGAN(1.0),17/04/26 11:00:00,Annual,Thousand persons,Females,From 15 to 64 years,EU27 countries (from 2020) except reporting country,European Union - 27 countries (from 2020),2023,3229.3,,
ESTAT:LFSA_EGAN(1.0),17/04/26 11:00:00,Annual,Thousand persons,Females,From 15 to 64 years,EU27 countries (from 2020) except reporting country,European Union - 27 countries (from 2020),2024,3284.1,,
ESTAT:LFSA_EGAN(1.0),17/04/26 11:00:00,Annual,Thousand persons,Females,From 15 to 64 years,EU27 countries (from 2020) except reporting country,France,2013,248.3,,
ESTAT:LFSA_EGAN(1.0),17/04/26 11:00:00,Annual,Thousand persons,Females,From 15 to 64 years,EU27 countries (from 2020) except reporting country,France,2014,265.6,b,
ESTAT:LFSA_EGAN(1.0),17/04/26 11:00:00,Annual,Thousand persons,Females,From 15 to 64 years,EU27 countries (from 2020) except reporting country,France,2015,243.9,,
ESTAT:LFSA_EGAN(1.0),17/04/26 11:00:00,Annual,Thousand persons,Females,From 15 to 64 years,EU27 countries (from 2020) except reporting country,France,2016,277.9,,
ESTAT:LFSA_EGAN(1.0),17/04/26 11:00:00,Annual,Thousand persons,Females,From 15 to 64 years,EU27 countries (from 2020) except reporting country,France,2017,285.7,,
ESTAT:LFSA_EGAN(1.0),17/04/26 11:00:00,Annual,Thousand persons,Females,From 15 to 64 years,EU27 countries (from 2020) except reporting country,France,2018,293.2,,
ESTAT:LFSA_EGAN(1.0),17/04/26 11:00:00,Annual,Thousand persons,Females,From 15 to 64 years,EU27 countries (from 2020) except reporting country,France,2019,282.5,,
ESTAT:LFSA_EGAN(1.0),17/04/26 11:00:00,Annual,Thousand persons,Females,From 15 to 64 years,EU27 countries (from 2020) except reporting country,France,2020,268.7,,
ESTAT:LFSA_EGAN(1.0),17/04/26 11:00:00,Annual,Thousand persons,Females,From 15 to 64 years,EU27 countries (from 2020) except reporting country,France,2021,277.7,bd,
ESTAT:LFSA_EGAN(1.0),17/04/26 11:00:00,Annual,Thousand persons,Females,From 15 to 64 years,EU27 countries (from 2020) except reporting country,France,2022,300.4,d,
ESTAT:LFSA_EGAN(1.0),17/04/26 11:00:00,Annual,Thousand persons,Females,From 15 to 64 years,EU27 countries (from 2020) except reporting country,France,2023,304.1,d,
ESTAT:LFSA_EGAN(1.0),17/04/26 11:00:00,Annual,Thousand persons,Females,From 15 to 64 years,EU27 countries (from 2020) except reporting country,France,2024,295.3,d,
ESTAT:LFSA_EGAN(1.0),17/04/26 11:00:00,Annual,Thousand persons,Females,From 15 to 64 years,EU27 countries (from 2020) except reporting country,Italy,2013,382.0,,
ESTAT:LFSA_EGAN(1.0),17/04/26 11:00:00,Annual,Thousand persons,Females,From 15 to 64 years,EU27 countries (from 2020) except reporting country,Italy,2014,396.5,,
ESTAT:LFSA_EGAN(1.0),17/04/26 11:00:00,Annual,Thousand persons,Females,From 15 to 64 years,EU27 countries (from 2020) except reporting country,Italy,2015,412.9,,
ESTAT:LFSA_EGAN(1.0),17/04/26 11:00:00,Annual,Thousand persons,Females,From 15 to 64 years,EU27 countries (from 2020) except reporting country,Italy,2016,427.3,,
ESTAT:LFSA_EGAN(1.0),17/04/26 11:00:00,Annual,Thousand persons,Females,From 15 to 64 years,EU27 countries (from 2020) except reporting country,Italy,2017,422.8,,
ESTAT:LFSA_EGAN(1.0),17/04/26 11:00:00,Annual,Thousand persons,Females,From 15 to 64 years,EU27 countries (from 2020) except reporting country,Italy,2018,393.9,b,
ESTAT:LFSA_EGAN(1.0),17/04/26 11:00:00,Annual,Thousand persons,Females,From 15 to 64 years,EU27 countries (from 2020) except reporting country,Italy,2019,394.3,,
ESTAT:LFSA_EGAN(1.0),17/04/26 11:00:00,Annual,Thousand persons,Females,From 15 to 64 years,EU27 countries (from 2020) except reporting country,Italy,2020,350.6,,
ESTAT:LFSA_EGAN(1.0),17/04/26 11:00:00,Annual,Thousand persons,Females,From 15 to 64 years,EU27 countries (from 2020) except reporting country,Italy,2021,361.9,b,
ESTAT:LFSA_EGAN(1.0),17/04/26 11:00:00,Annual,Thousand persons,Females,From 15 to 64 years,EU27 countries (from 2020) except reporting country,Italy,2022,366.2,,
ESTAT:LFSA_EGAN(1.0),17/04/26 11:00:00,Annual,Thousand persons,Females,From 15 to 64 years,EU27 countries (from 2020) except reporting country,Italy,2023,361.7,,
ESTAT:LFSA_EGAN(1.0),17/04/26 11:00:00,Annual,Thousand persons,Females,From 15 to 64 years,EU27 countries (from 2020) except reporting country,Italy,2024,366.7,,
ESTAT:LFSA_EGAN(1.0),17/04/26 11:00:00,Annual,Thousand persons,Females,From 15 to 64 years,EU27 countries (from 2020) except reporting country,United Kingdom,2013,711.1,,
ESTAT:LFSA_EGAN(1.0),17/04/26 11:00:00,Annual,Thousand persons,Females,From 15 to 64 years,EU27 countries (from 2020) except reporting country,United Kingdom,2014,831.4,,
ESTAT:LFSA_EGAN(1.0),17/04/26 11:00:00,Annual,Thousand persons,Females,From 15 to 64 years,EU27 countries (from 2020) except reporting country,United Kingdom,2015,963.1,,
ESTAT:LFSA_EGAN(1.0),17/04/26 11:00:00,Annual,Thousand persons,Females,From 15 to 64 years,EU27 countries (from 2020) except reporting country,United Kingdom,2016,1027.1,,
ESTAT:LFSA_EGAN(1.0),17/04/26 11:00:00,Annual,Thousand persons,Females,From 15 to 64 years,EU27 countries (from 2020) except reporting country,United Kingdom,2017,1083.8,,
ESTAT:LFSA_EGAN(1.0),17/04/26 11:00:00,Annual,Thousand persons,Females,From 15 to 64 years,EU27 countries (from 2020) except reporting country,United Kingdom,2018,1070.4,,
ESTAT:LFSA_EGAN(1.0),17/04/26 11:00:00,Annual,Thousand persons,Females,From 15 to 64 years,EU27 countries (from 2020) except reporting country,United Kingdom,2019,1112.9,,
ESTAT:LFSA_EGAN(1.0),17/04/26 11:00:00,Annual,Thousand persons,Females,From 15 to 64 years,Total,Germany,2013,18056.1,,
ESTAT:LFSA_EGAN(1.0),17/04/26 11:00:00,Annual,Thousand persons,Females,From 15 to 64 years,Total,Germany,2014,18210.0,,
ESTAT:LFSA_EGAN(1.0),17/04/26 11:00:00,Annual,Thousand persons,Females,From 15 to 64 years,Total,Germany,2015,18367.7,,
ESTAT:LFSA_EGAN(1.0),17/04/26 11:00:00,Annual,Thousand persons,Females,From 15 to 64 years,Total,Germany,2016,18789.7,,
ESTAT:LFSA_EGAN(1.0),17/04/26 11:00:00,Annual,Thousand persons,Females,From 15 to 64 years,Total,Germany,2017,18929.4,,
ESTAT:LFSA_EGAN(1.0),17/04/26 11:00:00,Annual,Thousand persons,Females,From 15 to 64 years,Total,Germany,2018,19027.9,,
ESTAT:LFSA_EGAN(1.0),17/04/26 11:00:00,Annual,Thousand persons,Females,From 15 to 64 years,Total,Germany,2019,19258.7,,
ESTAT:LFSA_EGAN(1.0),17/04/26 11:00:00,Annual,Thousand persons,Females,From 15 to 64 years,Total,Germany,2020,18881.3,b,
ESTAT:LFSA_EGAN(1.0),17/04/26 11:00:00,Annual,Thousand persons,Females,From 15 to 64 years,Total,Germany,2021,18588.4,b,
ESTAT:LFSA_EGAN(1.0),17/04/26 11:00:00,Annual,Thousand persons,Females,From 15 to 64 years,Total,Germany,2022,19033.1,,
ESTAT:LFSA_EGAN(1.0),17/04/26 11:00:00,Annual,Thousand persons,Females,From 15 to 64 years,Total,Germany,2023,19234.5,,
ESTAT:LFSA_EGAN(1.0),17/04/26 11:00:00,Annual,Thousand persons,Females,From 15 to 64 years,Total,Germany,2024,19295.6,,
ESTAT:LFSA_EGAN(1.0),17/04/26 11:00:00,Annual,Thousand persons,Females,From 15 to 64 years,Total,Spain,2013,7764.7,,
ESTAT:LFSA_EGAN(1.0),17/04/26 11:00:00,Annual,Thousand persons,Females,From 15 to 64 years,Total,Spain,2014,7846.8,,
ESTAT:LFSA_EGAN(1.0),17/04/26 11:00:00,Annual,Thousand persons,Females,From 15 to 64 years,Total,Spain,2015,8041.5,,
ESTAT:LFSA_EGAN(1.0),17/04/26 11:00:00,Annual,Thousand persons,Females,From 15 to 64 years,Total,Spain,2016,8272.5,,
ESTAT:LFSA_EGAN(1.0),17/04/26 11:00:00,Annual,Thousand persons,Females,From 15 to 64 years,Total,Spain,2017,8486.6,,
ESTAT:LFSA_EGAN(1.0),17/04/26 11:00:00,Annual,Thousand persons,Females,From 15 to 64 years,Total,Spain,2018,8716.7,,
ESTAT:LFSA_EGAN(1.0),17/04/26 11:00:00,Annual,Thousand persons,Females,From 15 to 64 years,Total,Spain,2019,8945.1,,
ESTAT:LFSA_EGAN(1.0),17/04/26 11:00:00,Annual,Thousand persons,Females,From 15 to 64 years,Total,Spain,2020,8669.1,,
ESTAT:LFSA_EGAN(1.0),17/04/26 11:00:00,Annual,Thousand persons,Females,From 15 to 64 years,Total,Spain,2021,8977.9,bd,
ESTAT:LFSA_EGAN(1.0),17/04/26 11:00:00,Annual,Thousand persons,Females,From 15 to 64 years,Total,Spain,2022,9294.7,d,
ESTAT:LFSA_EGAN(1.0),17/04/26 11:00:00,Annual,Thousand persons,Females,From 15 to 64 years,Total,Spain,2023,9657.6,d,
ESTAT:LFSA_EGAN(1.0),17/04/26 11:00:00,Annual,Thousand persons,Females,From 15 to 64 years,Total,Spain,2024,9896.4,d,
ESTAT:LFSA_EGAN(1.0),17/04/26 11:00:00,Annual,Thousand persons,Females,From 15 to 64 years,Total,European Union - 27 countries (from 2020),2013,83391.7,,
ESTAT:LFSA_EGAN(1.0),17/04/26 11:00:00,Annual,Thousand persons,Females,From 15 to 64 years,Total,European Union - 27 countries (from 2020),2014,84473.9,,
ESTAT:LFSA_EGAN(1.0),17/04/26 11:00:00,Annual,Thousand persons,Females,From 15 to 64 years,Total,European Union - 27 countries (from 2020),2015,85393.3,,
ESTAT:LFSA_EGAN(1.0),17/04/26 11:00:00,Annual,Thousand persons,Females,From 15 to 64 years,Total,European Union - 27 countries (from 2020),2016,86640.4,,
ESTAT:LFSA_EGAN(1.0),17/04/26 11:00:00,Annual,Thousand persons,Females,From 15 to 64 years,Total,European Union - 27 countries (from 2020),2017,87847.9,,
ESTAT:LFSA_EGAN(1.0),17/04/26 11:00:00,Annual,Thousand persons,Females,From 15 to 64 years,Total,European Union - 27 countries (from 2020),2018,88758.5,,
ESTAT:LFSA_EGAN(1.0),17/04/26 11:00:00,Annual,Thousand persons,Females,From 15 to 64 years,Total,European Union - 27 countries (from 2020),2019,89771.9,,
ESTAT:LFSA_EGAN(1.0),17/04/26 11:00:00,Annual,Thousand persons,Females,From 15 to 64 years,Total,European Union - 27 countries (from 2020),2020,88289.9,,
ESTAT:LFSA_EGAN(1.0),17/04/26 11:00:00,Annual,Thousand persons,Females,From 15 to 64 years,Total,European Union - 27 countries (from 2020),2021,89151.9,b,
ESTAT:LFSA_EGAN(1.0),17/04/26 11:00:00,Annual,Thousand persons,Females,From 15 to 64 years,Total,European Union - 27 countries (from 2020),2022,91437.8,,
ESTAT:LFSA_EGAN(1.0),17/04/26 11:00:00,Annual,Thousand persons,Females,From 15 to 64 years,Total,European Union - 27 countries (from 2020),2023,92666.4,,
ESTAT:LFSA_EGAN(1.0),17/04/26 11:00:00,Annual,Thousand persons,Females,From 15 to 64 years,Total,European Union - 27 countries (from 2020),2024,93585.5,,
ESTAT:LFSA_EGAN(1.0),17/04/26 11:00:00,Annual,Thousand persons,Females,From 15 to 64 years,Total,France,2013,12252.3,,
ESTAT:LFSA_EGAN(1.0),17/04/26 11:00:00,Annual,Thousand persons,Females,From 15 to 64 years,Total,France,2014,12607.2,b,
ESTAT:LFSA_EGAN(1.0),17/04/26 11:00:00,Annual,Thousand persons,Females,From 15 to 64 years,Total,France,2015,12662.5,,
ESTAT:LFSA_EGAN(1.0),17/04/26 11:00:00,Annual,Thousand persons,Females,From 15 to 64 years,Total,France,2016,12707.2,,
ESTAT:LFSA_EGAN(1.0),17/04/26 11:00:00,Annual,Thousand persons,Females,From 15 to 64 years,Total,France,2017,12755.2,,
ESTAT:LFSA_EGAN(1.0),17/04/26 11:00:00,Annual,Thousand persons,Females,From 15 to 64 years,Total,France,2018,12891.9,,
ESTAT:LFSA_EGAN(1.0),17/04/26 11:00:00,Annual,Thousand persons,Females,From 15 to 64 years,Total,France,2019,12992.1,,
ESTAT:LFSA_EGAN(1.0),17/04/26 11:00:00,Annual,Thousand persons,Females,From 15 to 64 years,Total,France,2020,12929.7,,
ESTAT:LFSA_EGAN(1.0),17/04/26 11:00:00,Annual,Thousand persons,Females,From 15 to 64 years,Total,France,2021,13363.2,bd,
ESTAT:LFSA_EGAN(1.0),17/04/26 11:00:00,Annual,Thousand persons,Females,From 15 to 64 years,Total,France,2022,13644.9,d,
ESTAT:LFSA_EGAN(1.0),17/04/26 11:00:00,Annual,Thousand persons,Females,From 15 to 64 years,Total,France,2023,13752.6,d,
ESTAT:LFSA_EGAN(1.0),17/04/26 11:00:00,Annual,Thousand persons,Females,From 15 to 64 years,Total,France,2024,13872.7,d,
ESTAT:LFSA_EGAN(1.0),17/04/26 11:00:00,Annual,Thousand persons,Females,From 15 to 64 years,Total,Italy,2013,9171.4,,
ESTAT:LFSA_EGAN(1.0),17/04/26 11:00:00,Annual,Thousand persons,Females,From 15 to 64 years,Total,Italy,2014,9219.6,,
ESTAT:LFSA_EGAN(1.0),17/04/26 11:00:00,Annual,Thousand persons,Females,From 15 to 64 years,Total,Italy,2015,9254.8,,
ESTAT:LFSA_EGAN(1.0),17/04/26 11:00:00,Annual,Thousand persons,Females,From 15 to 64 years,Total,Italy,2016,9388.4,,
ESTAT:LFSA_EGAN(1.0),17/04/26 11:00:00,Annual,Thousand persons,Females,From 15 to 64 years,Total,Italy,2017,9509.5,,
ESTAT:LFSA_EGAN(1.0),17/04/26 11:00:00,Annual,Thousand persons,Females,From 15 to 64 years,Total,Italy,2018,9492.7,b,
ESTAT:LFSA_EGAN(1.0),17/04/26 11:00:00,Annual,Thousand persons,Females,From 15 to 64 years,Total,Italy,2019,9565.9,,
ESTAT:LFSA_EGAN(1.0),17/04/26 11:00:00,Annual,Thousand persons,Females,From 15 to 64 years,Total,Italy,2020,9281.3,,
ESTAT:LFSA_EGAN(1.0),17/04/26 11:00:00,Annual,Thousand persons,Females,From 15 to 64 years,Total,Italy,2021,9290.4,b,
ESTAT:LFSA_EGAN(1.0),17/04/26 11:00:00,Annual,Thousand persons,Females,From 15 to 64 years,Total,Italy,2022,9528.1,,
ESTAT:LFSA_EGAN(1.0),17/04/26 11:00:00,Annual,Thousand persons,Females,From 15 to 64 years,Total,Italy,2023,9740.2,,
ESTAT:LFSA_EGAN(1.0),17/04/26 11:00:00,Annual,Thousand persons,Females,From 15 to 64 years,Total,Italy,2024,9895.3,,
ESTAT:LFSA_EGAN(1.0),17/04/26 11:00:00,Annual,Thousand persons,Females,From 15 to 64 years,Total,United Kingdom,2013,13594.7,,
ESTAT:LFSA_EGAN(1.0),17/04/26 11:00:00,Annual,Thousand persons,Females,From 15 to 64 years,Total,United Kingdom,2014,13897.9,,
ESTAT:LFSA_EGAN(1.0),17/04/26 11:00:00,Annual,Thousand persons,Females,From 15 to 64 years,Total,United Kingdom,2015,14122.7,,
ESTAT:LFSA_EGAN(1.0),17/04/26 11:00:00,Annual,Thousand persons,Females,From 15 to 64 years,Total,United Kingdom,2016,14326.5,,
ESTAT:LFSA_EGAN(1.0),17/04/26 11:00:00,Annual,Thousand persons,Females,From 15 to 64 years,Total,United Kingdom,2017,14556.1,,
ESTAT:LFSA_EGAN(1.0),17/04/26 11:00:00,Annual,Thousand persons,Females,From 15 to 64 years,Total,United Kingdom,2018,14721.6,,
ESTAT:LFSA_EGAN(1.0),17/04/26 11:00:00,Annual,Thousand persons,Females,From 15 to 64 years,Total,United Kingdom,2019,14910.4,,
ESTAT:LFSA_EGAN(1.0),17/04/26 11:00:00,Annual,Thousand persons,Males,From 15 to 64 years,EU27 countries (from 2020) except reporting country,Germany,2013,943.6,,
ESTAT:LFSA_EGAN(1.0),17/04/26 11:00:00,Annual,Thousand persons,Males,From 15 to 64 years,EU27 countries (from 2020) except reporting country,Germany,2014,1032.1,,
ESTAT:LFSA_EGAN(1.0),17/04/26 11:00:00,Annual,Thousand persons,Males,From 15 to 64 years,EU27 countries (from 2020) except reporting country,Germany,2015,1150.8,,
ESTAT:LFSA_EGAN(1.0),17/04/26 11:00:00,Annual,Thousand persons,Males,From 15 to 64 years,EU27 countries (from 2020) except reporting country,Germany,2016,1349.0,,
ESTAT:LFSA_EGAN(1.0),17/04/26 11:00:00,Annual,Thousand persons,Males,From 15 to 64 years,EU27 countries (from 2020) except reporting country,Germany,2017,1382.7,,
ESTAT:LFSA_EGAN(1.0),17/04/26 11:00:00,Annual,Thousand persons,Males,From 15 to 64 years,EU27 countries (from 2020) except reporting country,Germany,2018,1496.0,,
ESTAT:LFSA_EGAN(1.0),17/04/26 11:00:00,Annual,Thousand persons,Males,From 15 to 64 years,EU27 countries (from 2020) except reporting country,Germany,2019,1513.8,,
ESTAT:LFSA_EGAN(1.0),17/04/26 11:00:00,Annual,Thousand persons,Males,From 15 to 64 years,EU27 countries (from 2020) except reporting country,Germany,2020,1341.9,b,
ESTAT:LFSA_EGAN(1.0),17/04/26 11:00:00,Annual,Thousand persons,Males,From 15 to 64 years,EU27 countries (from 2020) except reporting country,Germany,2021,1290.9,b,
ESTAT:LFSA_EGAN(1.0),17/04/26 11:00:00,Annual,Thousand persons,Males,From 15 to 64 years,EU27 countries (from 2020) except reporting country,Germany,2022,1421.1,,
ESTAT:LFSA_EGAN(1.0),17/04/26 11:00:00,Annual,Thousand persons,Males,From 15 to 64 years,EU27 countries (from 2020) except reporting country,Germany,2023,1492.7,,
ESTAT:LFSA_EGAN(1.0),17/04/26 11:00:00,Annual,Thousand persons,Males,From 15 to 64 years,EU27 countries (from 2020) except reporting country,Germany,2024,1426.1,,
ESTAT:LFSA_EGAN(1.0),17/04/26 11:00:00,Annual,Thousand persons,Males,From 15 to 64 years,EU27 countries (from 2020) except reporting country,Spain,2013,331.3,,
ESTAT:LFSA_EGAN(1.0),17/04/26 11:00:00,Annual,Thousand persons,Males,From 15 to 64 years,EU27 countries (from 2020) except reporting country,Spain,2014,353.8,,
ESTAT:LFSA_EGAN(1.0),17/04/26 11:00:00,Annual,Thousand persons,Males,From 15 to 64 years,EU27 countries (from 2020) except reporting country,Spain,2015,348.1,,
ESTAT:LFSA_EGAN(1.0),17/04/26 11:00:00,Annual,Thousand persons,Males,From 15 to 64 years,EU27 countries (from 2020) except reporting country,Spain,2016,369.7,,
ESTAT:LFSA_EGAN(1.0),17/04/26 11:00:00,Annual,Thousand persons,Males,From 15 to 64 years,EU27 countries (from 2020) except reporting country,Spain,2017,395.5,,
ESTAT:LFSA_EGAN(1.0),17/04/26 11:00:00,Annual,Thousand persons,Males,From 15 to 64 years,EU27 countries (from 2020) except reporting country,Spain,2018,425.2,,
ESTAT:LFSA_EGAN(1.0),17/04/26 11:00:00,Annual,Thousand persons,Males,From 15 to 64 years,EU27 countries (from 2020) except reporting country,Spain,2019,462.9,,
ESTAT:LFSA_EGAN(1.0),17/04/26 11:00:00,Annual,Thousand persons,Males,From 15 to 64 years,EU27 countries (from 2020) except reporting country,Spain,2020,428.5,,
ESTAT:LFSA_EGAN(1.0),17/04/26 11:00:00,Annual,Thousand persons,Males,From 15 to 64 years,EU27 countries (from 2020) except reporting country,Spain,2021,402.8,bd,
ESTAT:LFSA_EGAN(1.0),17/04/26 11:00:00,Annual,Thousand persons,Males,From 15 to 64 years,EU27 countries (from 2020) except reporting country,Spain,2022,444.6,d,
ESTAT:LFSA_EGAN(1.0),17/04/26 11:00:00,Annual,Thousand persons,Males,From 15 to 64 years,EU27 countries (from 2020) except reporting country,Spain,2023,444.6,d,
ESTAT:LFSA_EGAN(1.0),17/04/26 11:00:00,Annual,Thousand persons,Males,From 15 to 64 years,EU27 countries (from 2020) except reporting country,Spain,2024,476.4,d,
ESTAT:LFSA_EGAN(1.0),17/04/26 11:00:00,Annual,Thousand persons,Males,From 15 to 64 years,EU27 countries (from 2020) except reporting country,European Union - 27 countries (from 2020),2013,2630.6,,
ESTAT:LFSA_EGAN(1.0),17/04/26 11:00:00,Annual,Thousand persons,Males,From 15 to 64 years,EU27 countries (from 2020) except reporting country,European Union - 27 countries (from 2020),2014,2796.0,,
ESTAT:LFSA_EGAN(1.0),17/04/26 11:00:00,Annual,Thousand persons,Males,From 15 to 64 years,EU27 countries (from 2020) except reporting country,European Union - 27 countries (from 2020),2015,2944.5,,
ESTAT:LFSA_EGAN(1.0),17/04/26 11:00:00,Annual,Thousand persons,Males,From 15 to 64 years,EU27 countries (from 2020) except reporting country,European Union - 27 countries (from 2020),2016,3211.5,,
ESTAT:LFSA_EGAN(1.0),17/04/26 11:00:00,Annual,Thousand persons,Males,From 15 to 64 years,EU27 countries (from 2020) except reporting country,European Union - 27 countries (from 2020),2017,3353.4,,
ESTAT:LFSA_EGAN(1.0),17/04/26 11:00:00,Annual,Thousand persons,Males,From 15 to 64 years,EU27 countries (from 2020) except reporting country,European Union - 27 countries (from 2020),2018,3553.0,,
ESTAT:LFSA_EGAN(1.0),17/04/26 11:00:00,Annual,Thousand persons,Males,From 15 to 64 years,EU27 countries (from 2020) except reporting country,European Union - 27 countries (from 2020),2019,3669.1,,
ESTAT:LFSA_EGAN(1.0),17/04/26 11:00:00,Annual,Thousand persons,Males,From 15 to 64 years,EU27 countries (from 2020) except reporting country,European Union - 27 countries (from 2020),2020,3410.1,,
ESTAT:LFSA_EGAN(1.0),17/04/26 11:00:00,Annual,Thousand persons,Males,From 15 to 64 years,EU27 countries (from 2020) except reporting country,European Union - 27 countries (from 2020),2021,3412.5,b,
ESTAT:LFSA_EGAN(1.0),17/04/26 11:00:00,Annual,Thousand persons,Males,From 15 to 64 years,EU27 countries (from 2020) except reporting country,European Union - 27 countries (from 2020),2022,3645.1,,
ESTAT:LFSA_EGAN(1.0),17/04/26 11:00:00,Annual,Thousand persons,Males,From 15 to 64 years,EU27 countries (from 2020) except reporting country,European Union - 27 countries (from 2020),2023,3780.5,,
ESTAT:LFSA_EGAN(1.0),17/04/26 11:00:00,Annual,Thousand persons,Males,From 15 to 64 years,EU27 countries (from 2020) except reporting country,European Union - 27 countries (from 2020),2024,3824.4,,
ESTAT:LFSA_EGAN(1.0),17/04/26 11:00:00,Annual,Thousand persons,Males,From 15 to 64 years,EU27 countries (from 2020) except reporting country,France,2013,307.3,,
ESTAT:LFSA_EGAN(1.0),17/04/26 11:00:00,Annual,Thousand persons,Males,From 15 to 64 years,EU27 countries (from 2020) except reporting country,France,2014,291.7,b,
ESTAT:LFSA_EGAN(1.0),17/04/26 11:00:00,Annual,Thousand persons,Males,From 15 to 64 years,EU27 countries (from 2020) except reporting country,France,2015,271.5,,
ESTAT:LFSA_EGAN(1.0),17/04/26 11:00:00,Annual,Thousand persons,Males,From 15 to 64 years,EU27 countries (from 2020) except reporting country,France,2016,282.9,,
ESTAT:LFSA_EGAN(1.0),17/04/26 11:00:00,Annual,Thousand persons,Males,From 15 to 64 years,EU27 countries (from 2020) except reporting country,France,2017,295.4,,
ESTAT:LFSA_EGAN(1.0),17/04/26 11:00:00,Annual,Thousand persons,Males,From 15 to 64 years,EU27 countries (from 2020) except reporting country,France,2018,326.1,,
ESTAT:LFSA_EGAN(1.0),17/04/26 11:00:00,Annual,Thousand persons,Males,From 15 to 64 years,EU27 countries (from 2020) except reporting country,France,2019,326.3,,
ESTAT:LFSA_EGAN(1.0),17/04/26 11:00:00,Annual,Thousand persons,Males,From 15 to 64 years,EU27 countries (from 2020) except reporting country,France,2020,296.0,,
ESTAT:LFSA_EGAN(1.0),17/04/26 11:00:00,Annual,Thousand persons,Males,From 15 to 64 years,EU27 countries (from 2020) except reporting country,France,2021,292.2,bd,
ESTAT:LFSA_EGAN(1.0),17/04/26 11:00:00,Annual,Thousand persons,Males,From 15 to 64 years,EU27 countries (from 2020) except reporting country,France,2022,304.4,d,
ESTAT:LFSA_EGAN(1.0),17/04/26 11:00:00,Annual,Thousand persons,Males,From 15 to 64 years,EU27 countries (from 2020) except reporting country,France,2023,316.6,d,
ESTAT:LFSA_EGAN(1.0),17/04/26 11:00:00,Annual,Thousand persons,Males,From 15 to 64 years,EU27 countries (from 2020) except reporting country,France,2024,333.3,d,
ESTAT:LFSA_EGAN(1.0),17/04/26 11:00:00,Annual,Thousand persons,Males,From 15 to 64 years,EU27 countries (from 2020) except reporting country,Italy,2013,317.0,,
ESTAT:LFSA_EGAN(1.0),17/04/26 11:00:00,Annual,Thousand persons,Males,From 15 to 64 years,EU27 countries (from 2020) except reporting country,Italy,2014,334.7,,
ESTAT:LFSA_EGAN(1.0),17/04/26 11:00:00,Annual,Thousand persons,Males,From 15 to 64 years,EU27 countries (from 2020) except reporting country,Italy,2015,352.6,,
ESTAT:LFSA_EGAN(1.0),17/04/26 11:00:00,Annual,Thousand persons,Males,From 15 to 64 years,EU27 countries (from 2020) except reporting country,Italy,2016,354.7,,
ESTAT:LFSA_EGAN(1.0),17/04/26 11:00:00,Annual,Thousand persons,Males,From 15 to 64 years,EU27 countries (from 2020) except reporting country,Italy,2017,354.8,,
ESTAT:LFSA_EGAN(1.0),17/04/26 11:00:00,Annual,Thousand persons,Males,From 15 to 64 years,EU27 countries (from 2020) except reporting country,Italy,2018,346.1,b,
ESTAT:LFSA_EGAN(1.0),17/04/26 11:00:00,Annual,Thousand persons,Males,From 15 to 64 years,EU27 countries (from 2020) except reporting country,Italy,2019,366.1,,
ESTAT:LFSA_EGAN(1.0),17/04/26 11:00:00,Annual,Thousand persons,Males,From 15 to 64 years,EU27 countries (from 2020) except reporting country,Italy,2020,345.3,,
ESTAT:LFSA_EGAN(1.0),17/04/26 11:00:00,Annual,Thousand persons,Males,From 15 to 64 years,EU27 countries (from 2020) except reporting country,Italy,2021,335.4,b,
ESTAT:LFSA_EGAN(1.0),17/04/26 11:00:00,Annual,Thousand persons,Males,From 15 to 64 years,EU27 countries (from 2020) except reporting country,Italy,2022,338.0,,
ESTAT:LFSA_EGAN(1.0),17/04/26 11:00:00,Annual,Thousand persons,Males,From 15 to 64 years,EU27 countries (from 2020) except reporting country,Italy,2023,337.4,,
ESTAT:LFSA_EGAN(1.0),17/04/26 11:00:00,Annual,Thousand persons,Males,From 15 to 64 years,EU27 countries (from 2020) except reporting country,Italy,2024,362.7,,
ESTAT:LFSA_EGAN(1.0),17/04/26 11:00:00,Annual,Thousand persons,Males,From 15 to 64 years,EU27 countries (from 2020) except reporting country,United Kingdom,2013,764.5,,
ESTAT:LFSA_EGAN(1.0),17/04/26 11:00:00,Annual,Thousand persons,Males,From 15 to 64 years,EU27 countries (from 2020) except reporting country,United Kingdom,2014,876.8,,
ESTAT:LFSA_EGAN(1.0),17/04/26 11:00:00,Annual,Thousand persons,Males,From 15 to 64 years,EU27 countries (from 2020) except reporting country,United Kingdom,2015,1018.2,,
ESTAT:LFSA_EGAN(1.0),17/04/26 11:00:00,Annual,Thousand persons,Males,From 15 to 64 years,EU27 countries (from 2020) except reporting country,United Kingdom,2016,1166.1,,
ESTAT:LFSA_EGAN(1.0),17/04/26 11:00:00,Annual,Thousand persons,Males,From 15 to 64 years,EU27 countries (from 2020) except reporting country,United Kingdom,2017,1230.5,,
ESTAT:LFSA_EGAN(1.0),17/04/26 11:00:00,Annual,Thousand persons,Males,From 15 to 64 years,EU27 countries (from 2020) except reporting country,United Kingdom,2018,1166.2,,
ESTAT:LFSA_EGAN(1.0),17/04/26 11:00:00,Annual,Thousand persons,Males,From 15 to 64 years,EU27 countries (from 2020) except reporting country,United Kingdom,2019,1181.7,,
ESTAT:LFSA_EGAN(1.0),17/04/26 11:00:00,Annual,Thousand persons,Males,From 15 to 64 years,Total,Germany,2013,20583.9,,
ESTAT:LFSA_EGAN(1.0),17/04/26 11:00:00,Annual,Thousand persons,Males,From 15 to 64 years,Total,Germany,2014,20697.8,,
ESTAT:LFSA_EGAN(1.0),17/04/26 11:00:00,Annual,Thousand persons,Males,From 15 to 64 years,Total,Germany,2015,20808.1,,
ESTAT:LFSA_EGAN(1.0),17/04/26 11:00:00,Annual,Thousand persons,Males,From 15 to 64 years,Total,Germany,2016,21375.4,,
ESTAT:LFSA_EGAN(1.0),17/04/26 11:00:00,Annual,Thousand persons,Males,From 15 to 64 years,Total,Germany,2017,21552.2,,
ESTAT:LFSA_EGAN(1.0),17/04/26 11:00:00,Annual,Thousand persons,Males,From 15 to 64 years,Total,Germany,2018,21607.8,,
ESTAT:LFSA_EGAN(1.0),17/04/26 11:00:00,Annual,Thousand persons,Males,From 15 to 64 years,Total,Germany,2019,21806.3,,
ESTAT:LFSA_EGAN(1.0),17/04/26 11:00:00,Annual,Thousand persons,Males,From 15 to 64 years,Total,Germany,2020,21273.9,b,
ESTAT:LFSA_EGAN(1.0),17/04/26 11:00:00,Annual,Thousand persons,Males,From 15 to 64 years,Total,Germany,2021,20914.4,b,
ESTAT:LFSA_EGAN(1.0),17/04/26 11:00:00,Annual,Thousand persons,Males,From 15 to 64 years,Total,Germany,2022,21368.6,,
ESTAT:LFSA_EGAN(1.0),17/04/26 11:00:00,Annual,Thousand persons,Males,From 15 to 64 years,Total,Germany,2023,21581.5,,
ESTAT:LFSA_EGAN(1.0),17/04/26 11:00:00,Annual,Thousand persons,Males,From 15 to 64 years,Total,Germany,2024,21628.0,,
ESTAT:LFSA_EGAN(1.0),17/04/26 11:00:00,Annual,Thousand persons,Males,From 15 to 64 years,Total,Spain,2013,9236.9,,
ESTAT:LFSA_EGAN(1.0),17/04/26 11:00:00,Annual,Thousand persons,Males,From 15 to 64 years,Total,Spain,2014,9363.8,,
ESTAT:LFSA_EGAN(1.0),17/04/26 11:00:00,Annual,Thousand persons,Males,From 15 to 64 years,Total,Spain,2015,9676.0,,
ESTAT:LFSA_EGAN(1.0),17/04/26 11:00:00,Annual,Thousand persons,Males,From 15 to 64 years,Total,Spain,2016,9910.2,,
ESTAT:LFSA_EGAN(1.0),17/04/26 11:00:00,Annual,Thousand persons,Males,From 15 to 64 years,Total,Spain,2017,10162.0,,
ESTAT:LFSA_EGAN(1.0),17/04/26 11:00:00,Annual,Thousand persons,Males,From 15 to 64 years,Total,Spain,2018,10419.6,,
ESTAT:LFSA_EGAN(1.0),17/04/26 11:00:00,Annual,Thousand persons,Males,From 15 to 64 years,Total,Spain,2019,10622.8,,
ESTAT:LFSA_EGAN(1.0),17/04/26 11:00:00,Annual,Thousand persons,Males,From 15 to 64 years,Total,Spain,2020,10288.4,,
ESTAT:LFSA_EGAN(1.0),17/04/26 11:00:00,Annual,Thousand persons,Males,From 15 to 64 years,Total,Spain,2021,10568.3,bd,
ESTAT:LFSA_EGAN(1.0),17/04/26 11:00:00,Annual,Thousand persons,Males,From 15 to 64 years,Total,Spain,2022,10940.0,d,
ESTAT:LFSA_EGAN(1.0),17/04/26 11:00:00,Annual,Thousand persons,Males,From 15 to 64 years,Total,Spain,2023,11193.8,d,
ESTAT:LFSA_EGAN(1.0),17/04/26 11:00:00,Annual,Thousand persons,Males,From 15 to 64 years,Total,Spain,2024,11403.7,d,
ESTAT:LFSA_EGAN(1.0),17/04/26 11:00:00,Annual,Thousand persons,Males,From 15 to 64 years,Total,European Union - 27 countries (from 2020),2013,98450.4,,
ESTAT:LFSA_EGAN(1.0),17/04/26 11:00:00,Annual,Thousand persons,Males,From 15 to 64 years,Total,European Union - 27 countries (from 2020),2014,99363.6,,
ESTAT:LFSA_EGAN(1.0),17/04/26 11:00:00,Annual,Thousand persons,Males,From 15 to 64 years,Total,European Union - 27 countries (from 2020),2015,100335.1,,
ESTAT:LFSA_EGAN(1.0),17/04/26 11:00:00,Annual,Thousand persons,Males,From 15 to 64 years,Total,European Union - 27 countries (from 2020),2016,101784.5,,
ESTAT:LFSA_EGAN(1.0),17/04/26 11:00:00,Annual,Thousand persons,Males,From 15 to 64 years,Total,European Union - 27 countries (from 2020),2017,103187.0,,
ESTAT:LFSA_EGAN(1.0),17/04/26 11:00:00,Annual,Thousand persons,Males,From 15 to 64 years,Total,European Union - 27 countries (from 2020),2018,104071.5,,
ESTAT:LFSA_EGAN(1.0),17/04/26 11:00:00,Annual,Thousand persons,Males,From 15 to 64 years,Total,European Union - 27 countries (from 2020),2019,105023.6,,
ESTAT:LFSA_EGAN(1.0),17/04/26 11:00:00,Annual,Thousand persons,Males,From 15 to 64 years,Total,European Union - 27 countries (from 2020),2020,103390.6,,
ESTAT:LFSA_EGAN(1.0),17/04/26 11:00:00,Annual,Thousand persons,Males,From 15 to 64 years,Total,European Union - 27 countries (from 2020),2021,103419.1,b,
ESTAT:LFSA_EGAN(1.0),17/04/26 11:00:00,Annual,Thousand persons,Males,From 15 to 64 years,Total,European Union - 27 countries (from 2020),2022,105507.3,,
ESTAT:LFSA_EGAN(1.0),17/04/26 11:00:00,Annual,Thousand persons,Males,From 15 to 64 years,Total,European Union - 27 countries (from 2020),2023,106346.7,,
ESTAT:LFSA_EGAN(1.0),17/04/26 11:00:00,Annual,Thousand persons,Males,From 15 to 64 years,Total,European Union - 27 countries (from 2020),2024,107162.7,,
ESTAT:LFSA_EGAN(1.0),17/04/26 11:00:00,Annual,Thousand persons,Males,From 15 to 64 years,Total,France,2013,13294.1,,
ESTAT:LFSA_EGAN(1.0),17/04/26 11:00:00,Annual,Thousand persons,Males,From 15 to 64 years,Total,France,2014,13501.4,b,
ESTAT:LFSA_EGAN(1.0),17/04/26 11:00:00,Annual,Thousand persons,Males,From 15 to 64 years,Total,France,2015,13473.8,,
ESTAT:LFSA_EGAN(1.0),17/04/26 11:00:00,Annual,Thousand persons,Males,From 15 to 64 years,Total,France,2016,13531.8,,
ESTAT:LFSA_EGAN(1.0),17/04/26 11:00:00,Annual,Thousand persons,Males,From 15 to 64 years,Total,France,2017,13679.0,,
ESTAT:LFSA_EGAN(1.0),17/04/26 11:00:00,Annual,Thousand persons,Males,From 15 to 64 years,Total,France,2018,13754.2,,
ESTAT:LFSA_EGAN(1.0),17/04/26 11:00:00,Annual,Thousand persons,Males,From 15 to 64 years,Total,France,2019,13718.8,,
ESTAT:LFSA_EGAN(1.0),17/04/26 11:00:00,Annual,Thousand persons,Males,From 15 to 64 years,Total,France,2020,13633.3,,
ESTAT:LFSA_EGAN(1.0),17/04/26 11:00:00,Annual,Thousand persons,Males,From 15 to 64 years,Total,France,2021,13910.6,bd,
ESTAT:LFSA_EGAN(1.0),17/04/26 11:00:00,Annual,Thousand persons,Males,From 15 to 64 years,Total,France,2022,14170.6,d,
ESTAT:LFSA_EGAN(1.0),17/04/26 11:00:00,Annual,Thousand persons,Males,From 15 to 64 years,Total,France,2023,14259.4,d,
ESTAT:LFSA_EGAN(1.0),17/04/26 11:00:00,Annual,Thousand persons,Males,From 15 to 64 years,Total,France,2024,14490.9,d,
ESTAT:LFSA_EGAN(1.0),17/04/26 11:00:00,Annual,Thousand persons,Males,From 15 to 64 years,Total,Italy,2013,12584.0,,
ESTAT:LFSA_EGAN(1.0),17/04/26 11:00:00,Annual,Thousand persons,Males,From 15 to 64 years,Total,Italy,2014,12590.0,,
ESTAT:LFSA_EGAN(1.0),17/04/26 11:00:00,Annual,Thousand persons,Males,From 15 to 64 years,Total,Italy,2015,12717.8,,
ESTAT:LFSA_EGAN(1.0),17/04/26 11:00:00,Annual,Thousand persons,Males,From 15 to 64 years,Total,Italy,2016,12852.8,,
ESTAT:LFSA_EGAN(1.0),17/04/26 11:00:00,Annual,Thousand persons,Males,From 15 to 64 years,Total,Italy,2017,12934.1,,
ESTAT:LFSA_EGAN(1.0),17/04/26 11:00:00,Annual,Thousand persons,Males,From 15 to 64 years,Total,Italy,2018,12863.2,b,
ESTAT:LFSA_EGAN(1.0),17/04/26 11:00:00,Annual,Thousand persons,Males,From 15 to 64 years,Total,Italy,2019,12899.4,,
ESTAT:LFSA_EGAN(1.0),17/04/26 11:00:00,Annual,Thousand persons,Males,From 15 to 64 years,Total,Italy,2020,12662.0,,
ESTAT:LFSA_EGAN(1.0),17/04/26 11:00:00,Annual,Thousand persons,Males,From 15 to 64 years,Total,Italy,2021,12558.7,b,
ESTAT:LFSA_EGAN(1.0),17/04/26 11:00:00,Annual,Thousand persons,Males,From 15 to 64 years,Total,Italy,2022,12884.4,,
ESTAT:LFSA_EGAN(1.0),17/04/26 11:00:00,Annual,Thousand persons,Males,From 15 to 64 years,Total,Italy,2023,13094.7,,
ESTAT:LFSA_EGAN(1.0),17/04/26 11:00:00,Annual,Thousand persons,Males,From 15 to 64 years,Total,Italy,2024,13254.7,,
ESTAT:LFSA_EGAN(1.0),17/04/26 11:00:00,Annual,Thousand persons,Males,From 15 to 64 years,Total,United Kingdom,2013,15321.9,,
ESTAT:LFSA_EGAN(1.0),17/04/26 11:00:00,Annual,Thousand persons,Males,From 15 to 64 years,Total,United Kingdom,2014,15660.9,,
ESTAT:LFSA_EGAN(1.0),17/04/26 11:00:00,Annual,Thousand persons,Males,From 15 to 64 years,Total,United Kingdom,2015,15896.9,,
ESTAT:LFSA_EGAN(1.0),17/04/26 11:00:00,Annual,Thousand persons,Males,From 15 to 64 years,Total,United Kingdom,2016,16117.1,,
ESTAT:LFSA_EGAN(1.0),17/04/26 11:00:00,Annual,Thousand persons,Males,From 15 to 64 years,Total,United Kingdom,2017,16229.4,,
ESTAT:LFSA_EGAN(1.0),17/04/26 11:00:00,Annual,Thousand persons,Males,From 15 to 64 years,Total,United Kingdom,2018,16390.4,,
ESTAT:LFSA_EGAN(1.0),17/04/26 11:00:00,Annual,Thousand persons,Males,From 15 to 64 years,Total,United Kingdom,2019,16471.7,,
ESTAT:LFSA_EGAN(1.0),17/04/26 11:00:00,Annual,Thousand persons,Total,From 15 to 64 years,EU27 countries (from 2020) except reporting country,Germany,2013,1657.0,,
ESTAT:LFSA_EGAN(1.0),17/04/26 11:00:00,Annual,Thousand persons,Total,From 15 to 64 years,EU27 countries (from 2020) except reporting country,Germany,2014,1785.4,,
ESTAT:LFSA_EGAN(1.0),17/04/26 11:00:00,Annual,Thousand persons,Total,From 15 to 64 years,EU27 countries (from 2020) except reporting country,Germany,2015,1977.1,,
ESTAT:LFSA_EGAN(1.0),17/04/26 11:00:00,Annual,Thousand persons,Total,From 15 to 64 years,EU27 countries (from 2020) except reporting country,Germany,2016,2285.8,,
ESTAT:LFSA_EGAN(1.0),17/04/26 11:00:00,Annual,Thousand persons,Total,From 15 to 64 years,EU27 countries (from 2020) except reporting country,Germany,2017,2359.6,,
ESTAT:LFSA_EGAN(1.0),17/04/26 11:00:00,Annual,Thousand persons,Total,From 15 to 64 years,EU27 countries (from 2020) except reporting country,Germany,2018,2552.3,,
ESTAT:LFSA_EGAN(1.0),17/04/26 11:00:00,Annual,Thousand persons,Total,From 15 to 64 years,EU27 countries (from 2020) except reporting country,Germany,2019,2623.5,,
ESTAT:LFSA_EGAN(1.0),17/04/26 11:00:00,Annual,Thousand persons,Total,From 15 to 64 years,EU27 countries (from 2020) except reporting country,Germany,2020,2403.1,b,
ESTAT:LFSA_EGAN(1.0),17/04/26 11:00:00,Annual,Thousand persons,Total,From 15 to 64 years,EU27 countries (from 2020) except reporting country,Germany,2021,2251.7,b,
ESTAT:LFSA_EGAN(1.0),17/04/26 11:00:00,Annual,Thousand persons,Total,From 15 to 64 years,EU27 countries (from 2020) except reporting country,Germany,2022,2526.2,,
ESTAT:LFSA_EGAN(1.0),17/04/26 11:00:00,Annual,Thousand persons,Total,From 15 to 64 years,EU27 countries (from 2020) except reporting country,Germany,2023,2602.3,,
ESTAT:LFSA_EGAN(1.0),17/04/26 11:00:00,Annual,Thousand persons,Total,From 15 to 64 years,EU27 countries (from 2020) except reporting country,Germany,2024,2520.9,,
ESTAT:LFSA_EGAN(1.0),17/04/26 11:00:00,Annual,Thousand persons,Total,From 15 to 64 years,EU27 countries (from 2020) except reporting country,Spain,2013,657.1,,
ESTAT:LFSA_EGAN(1.0),17/04/26 11:00:00,Annual,Thousand persons,Total,From 15 to 64 years,EU27 countries (from 2020) except reporting country,Spain,2014,679.6,,
ESTAT:LFSA_EGAN(1.0),17/04/26 11:00:00,Annual,Thousand persons,Total,From 15 to 64 years,EU27 countries (from 2020) except reporting country,Spain,2015,673.7,,
ESTAT:LFSA_EGAN(1.0),17/04/26 11:00:00,Annual,Thousand persons,Total,From 15 to 64 years,EU27 countries (from 2020) except reporting country,Spain,2016,711.4,,
ESTAT:LFSA_EGAN(1.0),17/04/26 11:00:00,Annual,Thousand persons,Total,From 15 to 64 years,EU27 countries (from 2020) except reporting country,Spain,2017,751.0,,
ESTAT:LFSA_EGAN(1.0),17/04/26 11:00:00,Annual,Thousand persons,Total,From 15 to 64 years,EU27 countries (from 2020) except reporting country,Spain,2018,797.5,,
ESTAT:LFSA_EGAN(1.0),17/04/26 11:00:00,Annual,Thousand persons,Total,From 15 to 64 years,EU27 countries (from 2020) except reporting country,Spain,2019,872.2,,
ESTAT:LFSA_EGAN(1.0),17/04/26 11:00:00,Annual,Thousand persons,Total,From 15 to 64 years,EU27 countries (from 2020) except reporting country,Spain,2020,802.8,,
ESTAT:LFSA_EGAN(1.0),17/04/26 11:00:00,Annual,Thousand persons,Total,From 15 to 64 years,EU27 countries (from 2020) except reporting country,Spain,2021,737.5,bd,
ESTAT:LFSA_EGAN(1.0),17/04/26 11:00:00,Annual,Thousand persons,Total,From 15 to 64 years,EU27 countries (from 2020) except reporting country,Spain,2022,804.7,d,
ESTAT:LFSA_EGAN(1.0),17/04/26 11:00:00,Annual,Thousand persons,Total,From 15 to 64 years,EU27 countries (from 2020) except reporting country,Spain,2023,843.6,d,
ESTAT:LFSA_EGAN(1.0),17/04/26 11:00:00,Annual,Thousand persons,Total,From 15 to 64 years,EU27 countries (from 2020) except reporting country,Spain,2024,911.8,d,
ESTAT:LFSA_EGAN(1.0),17/04/26 11:00:00,Annual,Thousand persons,Total,From 15 to 64 years,EU27 countries (from 2020) except reporting country,European Union - 27 countries (from 2020),2013,4952.2,,
ESTAT:LFSA_EGAN(1.0),17/04/26 11:00:00,Annual,Thousand persons,Total,From 15 to 64 years,EU27 countries (from 2020) except reporting country,European Union - 27 countries (from 2020),2014,5241.7,,
ESTAT:LFSA_EGAN(1.0),17/04/26 11:00:00,Annual,Thousand persons,Total,From 15 to 64 years,EU27 countries (from 2020) except reporting country,European Union - 27 countries (from 2020),2015,5478.7,,
ESTAT:LFSA_EGAN(1.0),17/04/26 11:00:00,Annual,Thousand persons,Total,From 15 to 64 years,EU27 countries (from 2020) except reporting country,European Union - 27 countries (from 2020),2016,5949.4,,
ESTAT:LFSA_EGAN(1.0),17/04/26 11:00:00,Annual,Thousand persons,Total,From 15 to 64 years,EU27 countries (from 2020) except reporting country,European Union - 27 countries (from 2020),2017,6213.3,,
ESTAT:LFSA_EGAN(1.0),17/04/26 11:00:00,Annual,Thousand persons,Total,From 15 to 64 years,EU27 countries (from 2020) except reporting country,European Union - 27 countries (from 2020),2018,6511.6,,
ESTAT:LFSA_EGAN(1.0),17/04/26 11:00:00,Annual,Thousand persons,Total,From 15 to 64 years,EU27 countries (from 2020) except reporting country,European Union - 27 countries (from 2020),2019,6761.1,,
ESTAT:LFSA_EGAN(1.0),17/04/26 11:00:00,Annual,Thousand persons,Total,From 15 to 64 years,EU27 countries (from 2020) except reporting country,European Union - 27 countries (from 2020),2020,6383.3,,
ESTAT:LFSA_EGAN(1.0),17/04/26 11:00:00,Annual,Thousand persons,Total,From 15 to 64 years,EU27 countries (from 2020) except reporting country,European Union - 27 countries (from 2020),2021,6285.6,b,
ESTAT:LFSA_EGAN(1.0),17/04/26 11:00:00,Annual,Thousand persons,Total,From 15 to 64 years,EU27 countries (from 2020) except reporting country,European Union - 27 countries (from 2020),2022,6787.9,,
ESTAT:LFSA_EGAN(1.0),17/04/26 11:00:00,Annual,Thousand persons,Total,From 15 to 64 years,EU27 countries (from 2020) except reporting country,European Union - 27 countries (from 2020),2023,7009.8,,
ESTAT:LFSA_EGAN(1.0),17/04/26 11:00:00,Annual,Thousand persons,Total,From 15 to 64 years,EU27 countries (from 2020) except reporting country,European Union - 27 countries (from 2020),2024,7108.6,,
ESTAT:LFSA_EGAN(1.0),17/04/26 11:00:00,Annual,Thousand persons,Total,From 15 to 64 years,EU27 countries (from 2020) except reporting country,France,2013,555.5,,
ESTAT:LFSA_EGAN(1.0),17/04/26 11:00:00,Annual,Thousand persons,Total,From 15 to 64 years,EU27 countries (from 2020) except reporting country,France,2014,557.3,b,
ESTAT:LFSA_EGAN(1.0),17/04/26 11:00:00,Annual,Thousand persons,Total,From 15 to 64 years,EU27 countries (from 2020) except reporting country,France,2015,515.4,,
ESTAT:LFSA_EGAN(1.0),17/04/26 11:00:00,Annual,Thousand persons,Total,From 15 to 64 years,EU27 countries (from 2020) except reporting country,France,2016,560.8,,
ESTAT:LFSA_EGAN(1.0),17/04/26 11:00:00,Annual,Thousand persons,Total,From 15 to 64 years,EU27 countries (from 2020) except reporting country,France,2017,581.1,,
ESTAT:LFSA_EGAN(1.0),17/04/26 11:00:00,Annual,Thousand persons,Total,From 15 to 64 years,EU27 countries (from 2020) except reporting country,France,2018,619.2,,
ESTAT:LFSA_EGAN(1.0),17/04/26 11:00:00,Annual,Thousand persons,Total,From 15 to 64 years,EU27 countries (from 2020) except reporting country,France,2019,608.7,,
ESTAT:LFSA_EGAN(1.0),17/04/26 11:00:00,Annual,Thousand persons,Total,From 15 to 64 years,EU27 countries (from 2020) except reporting country,France,2020,564.7,,
ESTAT:LFSA_EGAN(1.0),17/04/26 11:00:00,Annual,Thousand persons,Total,From 15 to 64 years,EU27 countries (from 2020) except reporting country,France,2021,570.0,bd,
ESTAT:LFSA_EGAN(1.0),17/04/26 11:00:00,Annual,Thousand persons,Total,From 15 to 64 years,EU27 countries (from 2020) except reporting country,France,2022,604.8,d,
ESTAT:LFSA_EGAN(1.0),17/04/26 11:00:00,Annual,Thousand persons,Total,From 15 to 64 years,EU27 countries (from 2020) except reporting country,France,2023,620.7,d,
ESTAT:LFSA_EGAN(1.0),17/04/26 11:00:00,Annual,Thousand persons,Total,From 15 to 64 years,EU27 countries (from 2020) except reporting country,France,2024,628.6,d,
ESTAT:LFSA_EGAN(1.0),17/04/26 11:00:00,Annual,Thousand persons,Total,From 15 to 64 years,EU27 countries (from 2020) except reporting country,Italy,2013,699.0,,
ESTAT:LFSA_EGAN(1.0),17/04/26 11:00:00,Annual,Thousand persons,Total,From 15 to 64 years,EU27 countries (from 2020) except reporting country,Italy,2014,731.2,,
ESTAT:LFSA_EGAN(1.0),17/04/26 11:00:00,Annual,Thousand persons,Total,From 15 to 64 years,EU27 countries (from 2020) except reporting country,Italy,2015,765.6,,
ESTAT:LFSA_EGAN(1.0),17/04/26 11:00:00,Annual,Thousand persons,Total,From 15 to 64 years,EU27 countries (from 2020) except reporting country,Italy,2016,782.1,,
ESTAT:LFSA_EGAN(1.0),17/04/26 11:00:00,Annual,Thousand persons,Total,From 15 to 64 years,EU27 countries (from 2020) except reporting country,Italy,2017,777.7,,
ESTAT:LFSA_EGAN(1.0),17/04/26 11:00:00,Annual,Thousand persons,Total,From 15 to 64 years,EU27 countries (from 2020) except reporting country,Italy,2018,740.0,b,
ESTAT:LFSA_EGAN(1.0),17/04/26 11:00:00,Annual,Thousand persons,Total,From 15 to 64 years,EU27 countries (from 2020) except reporting country,Italy,2019,760.4,,
ESTAT:LFSA_EGAN(1.0),17/04/26 11:00:00,Annual,Thousand persons,Total,From 15 to 64 years,EU27 countries (from 2020) except reporting country,Italy,2020,695.9,,
ESTAT:LFSA_EGAN(1.0),17/04/26 11:00:00,Annual,Thousand persons,Total,From 15 to 64 years,EU27 countries (from 2020) except reporting country,Italy,2021,697.3,b,
ESTAT:LFSA_EGAN(1.0),17/04/26 11:00:00,Annual,Thousand persons,Total,From 15 to 64 years,EU27 countries (from 2020) except reporting country,Italy,2022,704.2,,
ESTAT:LFSA_EGAN(1.0),17/04/26 11:00:00,Annual,Thousand persons,Total,From 15 to 64 years,EU27 countries (from 2020) except reporting country,Italy,2023,699.1,,
ESTAT:LFSA_EGAN(1.0),17/04/26 11:00:00,Annual,Thousand persons,Total,From 15 to 64 years,EU27 countries (from 2020) except reporting country,Italy,2024,729.4,,
ESTAT:LFSA_EGAN(1.0),17/04/26 11:00:00,Annual,Thousand persons,Total,From 15 to 64 years,EU27 countries (from 2020) except reporting country,United Kingdom,2013,1475.6,,
ESTAT:LFSA_EGAN(1.0),17/04/26 11:00:00,Annual,Thousand persons,Total,From 15 to 64 years,EU27 countries (from 2020) except reporting country,United Kingdom,2014,1708.3,,
ESTAT:LFSA_EGAN(1.0),17/04/26 11:00:00,Annual,Thousand persons,Total,From 15 to 64 years,EU27 countries (from 2020) except reporting country,United Kingdom,2015,1981.3,,
ESTAT:LFSA_EGAN(1.0),17/04/26 11:00:00,Annual,Thousand persons,Total,From 15 to 64 years,EU27 countries (from 2020) except reporting country,United Kingdom,2016,2193.3,,
ESTAT:LFSA_EGAN(1.0),17/04/26 11:00:00,Annual,Thousand persons,Total,From 15 to 64 years,EU27 countries (from 2020) except reporting country,United Kingdom,2017,2314.3,,
ESTAT:LFSA_EGAN(1.0),17/04/26 11:00:00,Annual,Thousand persons,Total,From 15 to 64 years,EU27 countries (from 2020) except reporting country,United Kingdom,2018,2236.6,,
ESTAT:LFSA_EGAN(1.0),17/04/26 11:00:00,Annual,Thousand persons,Total,From 15 to 64 years,EU27 countries (from 2020) except reporting country,United Kingdom,2019,2294.7,,
ESTAT:LFSA_EGAN(1.0),17/04/26 11:00:00,Annual,Thousand persons,Total,From 15 to 64 years,Total,Germany,2013,38640.0,,
ESTAT:LFSA_EGAN(1.0),17/04/26 11:00:00,Annual,Thousand persons,Total,From 15 to 64 years,Total,Germany,2014,38907.7,,
ESTAT:LFSA_EGAN(1.0),17/04/26 11:00:00,Annual,Thousand persons,Total,From 15 to 64 years,Total,Germany,2015,39175.9,,
ESTAT:LFSA_EGAN(1.0),17/04/26 11:00:00,Annual,Thousand persons,Total,From 15 to 64 years,Total,Germany,2016,40165.1,,
ESTAT:LFSA_EGAN(1.0),17/04/26 11:00:00,Annual,Thousand persons,Total,From 15 to 64 years,Total,Germany,2017,40481.6,,
ESTAT:LFSA_EGAN(1.0),17/04/26 11:00:00,Annual,Thousand persons,Total,From 15 to 64 years,Total,Germany,2018,40635.7,,
ESTAT:LFSA_EGAN(1.0),17/04/26 11:00:00,Annual,Thousand persons,Total,From 15 to 64 years,Total,Germany,2019,41065.1,,
ESTAT:LFSA_EGAN(1.0),17/04/26 11:00:00,Annual,Thousand persons,Total,From 15 to 64 years,Total,Germany,2020,40155.2,b,
ESTAT:LFSA_EGAN(1.0),17/04/26 11:00:00,Annual,Thousand persons,Total,From 15 to 64 years,Total,Germany,2021,39502.8,b,
ESTAT:LFSA_EGAN(1.0),17/04/26 11:00:00,Annual,Thousand persons,Total,From 15 to 64 years,Total,Germany,2022,40401.7,,
ESTAT:LFSA_EGAN(1.0),17/04/26 11:00:00,Annual,Thousand persons,Total,From 15 to 64 years,Total,Germany,2023,40816.0,,
ESTAT:LFSA_EGAN(1.0),17/04/26 11:00:00,Annual,Thousand persons,Total,From 15 to 64 years,Total,Germany,2024,40923.6,,
ESTAT:LFSA_EGAN(1.0),17/04/26 11:00:00,Annual,Thousand persons,Total,From 15 to 64 years,Total,Spain,2013,17001.6,,
ESTAT:LFSA_EGAN(1.0),17/04/26 11:00:00,Annual,Thousand persons,Total,From 15 to 64 years,Total,Spain,2014,17210.5,,
ESTAT:LFSA_EGAN(1.0),17/04/26 11:00:00,Annual,Thousand persons,Total,From 15 to 64 years,Total,Spain,2015,17717.5,,
ESTAT:LFSA_EGAN(1.0),17/04/26 11:00:00,Annual,Thousand persons,Total,From 15 to 64 years,Total,Spain,2016,18182.7,,
ESTAT:LFSA_EGAN(1.0),17/04/26 11:00:00,Annual,Thousand persons,Total,From 15 to 64 years,Total,Spain,2017,18648.5,,
ESTAT:LFSA_EGAN(1.0),17/04/26 11:00:00,Annual,Thousand persons,Total,From 15 to 64 years,Total,Spain,2018,19136.3,,
ESTAT:LFSA_EGAN(1.0),17/04/26 11:00:00,Annual,Thousand persons,Total,From 15 to 64 years,Total,Spain,2019,19567.9,,
ESTAT:LFSA_EGAN(1.0),17/04/26 11:00:00,Annual,Thousand persons,Total,From 15 to 64 years,Total,Spain,2020,18957.5,,
ESTAT:LFSA_EGAN(1.0),17/04/26 11:00:00,Annual,Thousand persons,Total,From 15 to 64 years,Total,Spain,2021,19546.2,bd,
ESTAT:LFSA_EGAN(1.0),17/04/26 11:00:00,Annual,Thousand persons,Total,From 15 to 64 years,Total,Spain,2022,20234.7,d,
ESTAT:LFSA_EGAN(1.0),17/04/26 11:00:00,Annual,Thousand persons,Total,From 15 to 64 years,Total,Spain,2023,20851.5,d,
ESTAT:LFSA_EGAN(1.0),17/04/26 11:00:00,Annual,Thousand persons,Total,From 15 to 64 years,Total,Spain,2024,21300.1,d,
ESTAT:LFSA_EGAN(1.0),17/04/26 11:00:00,Annual,Thousand persons,Total,From 15 to 64 years,Total,European Union - 27 countries (from 2020),2013,181842.1,,
ESTAT:LFSA_EGAN(1.0),17/04/26 11:00:00,Annual,Thousand persons,Total,From 15 to 64 years,Total,European Union - 27 countries (from 2020),2014,183837.5,,
ESTAT:LFSA_EGAN(1.0),17/04/26 11:00:00,Annual,Thousand persons,Total,From 15 to 64 years,Total,European Union - 27 countries (from 2020),2015,185728.4,,
ESTAT:LFSA_EGAN(1.0),17/04/26 11:00:00,Annual,Thousand persons,Total,From 15 to 64 years,Total,European Union - 27 countries (from 2020),2016,188424.9,,
ESTAT:LFSA_EGAN(1.0),17/04/26 11:00:00,Annual,Thousand persons,Total,From 15 to 64 years,Total,European Union - 27 countries (from 2020),2017,191034.9,,
ESTAT:LFSA_EGAN(1.0),17/04/26 11:00:00,Annual,Thousand persons,Total,From 15 to 64 years,Total,European Union - 27 countries (from 2020),2018,192830.1,,
ESTAT:LFSA_EGAN(1.0),17/04/26 11:00:00,Annual,Thousand persons,Total,From 15 to 64 years,Total,European Union - 27 countries (from 2020),2019,194795.4,,
ESTAT:LFSA_EGAN(1.0),17/04/26 11:00:00,Annual,Thousand persons,Total,From 15 to 64 years,Total,European Union - 27 countries (from 2020),2020,191680.5,,
ESTAT:LFSA_EGAN(1.0),17/04/26 11:00:00,Annual,Thousand persons,Total,From 15 to 64 years,Total,European Union - 27 countries (from 2020),2021,192571.0,b,
ESTAT:LFSA_EGAN(1.0),17/04/26 11:00:00,Annual,Thousand persons,Total,From 15 to 64 years,Total,European Union - 27 countries (from 2020),2022,196945.1,,
ESTAT:LFSA_EGAN(1.0),17/04/26 11:00:00,Annual,Thousand persons,Total,From 15 to 64 years,Total,European Union - 27 countries (from 2020),2023,199013.1,,
ESTAT:LFSA_EGAN(1.0),17/04/26 11:00:00,Annual,Thousand persons,Total,From 15 to 64 years,Total,European Union - 27 countries (from 2020),2024,200748.1,,
ESTAT:LFSA_EGAN(1.0),17/04/26 11:00:00,Annual,Thousand persons,Total,From 15 to 64 years,Total,France,2013,25546.4,,
ESTAT:LFSA_EGAN(1.0),17/04/26 11:00:00,Annual,Thousand persons,Total,From 15 to 64 years,Total,France,2014,26108.6,b,
ESTAT:LFSA_EGAN(1.0),17/04/26 11:00:00,Annual,Thousand persons,Total,From 15 to 64 years,Total,France,2015,26136.4,,
ESTAT:LFSA_EGAN(1.0),17/04/26 11:00:00,Annual,Thousand persons,Total,From 15 to 64 years,Total,France,2016,26239.1,,
ESTAT:LFSA_EGAN(1.0),17/04/26 11:00:00,Annual,Thousand persons,Total,From 15 to 64 years,Total,France,2017,26434.3,,
ESTAT:LFSA_EGAN(1.0),17/04/26 11:00:00,Annual,Thousand persons,Total,From 15 to 64 years,Total,France,2018,26646.1,,
ESTAT:LFSA_EGAN(1.0),17/04/26 11:00:00,Annual,Thousand persons,Total,From 15 to 64 years,Total,France,2019,26710.9,,
ESTAT:LFSA_EGAN(1.0),17/04/26 11:00:00,Annual,Thousand persons,Total,From 15 to 64 years,Total,France,2020,26563.1,,
ESTAT:LFSA_EGAN(1.0),17/04/26 11:00:00,Annual,Thousand persons,Total,From 15 to 64 years,Total,France,2021,27273.9,bd,
ESTAT:LFSA_EGAN(1.0),17/04/26 11:00:00,Annual,Thousand persons,Total,From 15 to 64 years,Total,France,2022,27815.5,d,
ESTAT:LFSA_EGAN(1.0),17/04/26 11:00:00,Annual,Thousand persons,Total,From 15 to 64 years,Total,France,2023,28012.0,d,
ESTAT:LFSA_EGAN(1.0),17/04/26 11:00:00,Annual,Thousand persons,Total,From 15 to 64 years,Total,France,2024,28363.6,d,
ESTAT:LFSA_EGAN(1.0),17/04/26 11:00:00,Annual,Thousand persons,Total,From 15 to 64 years,Total,Italy,2013,21755.3,,
ESTAT:LFSA_EGAN(1.0),17/04/26 11:00:00,Annual,Thousand persons,Total,From 15 to 64 years,Total,Italy,2014,21809.5,,
ESTAT:LFSA_EGAN(1.0),17/04/26 11:00:00,Annual,Thousand persons,Total,From 15 to 64 years,Total,Italy,2015,21972.6,,
ESTAT:LFSA_EGAN(1.0),17/04/26 11:00:00,Annual,Thousand persons,Total,From 15 to 64 years,Total,Italy,2016,22241.1,,
ESTAT:LFSA_EGAN(1.0),17/04/26 11:00:00,Annual,Thousand persons,Total,From 15 to 64 years,Total,Italy,2017,22443.6,,
ESTAT:LFSA_EGAN(1.0),17/04/26 11:00:00,Annual,Thousand persons,Total,From 15 to 64 years,Total,Italy,2018,22355.9,b,
ESTAT:LFSA_EGAN(1.0),17/04/26 11:00:00,Annual,Thousand persons,Total,From 15 to 64 years,Total,Italy,2019,22465.4,,
ESTAT:LFSA_EGAN(1.0),17/04/26 11:00:00,Annual,Thousand persons,Total,From 15 to 64 years,Total,Italy,2020,21943.4,,
ESTAT:LFSA_EGAN(1.0),17/04/26 11:00:00,Annual,Thousand persons,Total,From 15 to 64 years,Total,Italy,2021,21849.2,b,
ESTAT:LFSA_EGAN(1.0),17/04/26 11:00:00,Annual,Thousand persons,Total,From 15 to 64 years,Total,Italy,2022,22412.5,,
ESTAT:LFSA_EGAN(1.0),17/04/26 11:00:00,Annual,Thousand persons,Total,From 15 to 64 years,Total,Italy,2023,22834.9,,
ESTAT:LFSA_EGAN(1.0),17/04/26 11:00:00,Annual,Thousand persons,Total,From 15 to 64 years,Total,Italy,2024,23150.0,,
ESTAT:LFSA_EGAN(1.0),17/04/26 11:00:00,Annual,Thousand persons,Total,From 15 to 64 years,Total,United Kingdom,2013,28916.6,,
ESTAT:LFSA_EGAN(1.0),17/04/26 11:00:00,Annual,Thousand persons,Total,From 15 to 64 years,Total,United Kingdom,2014,29558.8,,
ESTAT:LFSA_EGAN(1.0),17/04/26 11:00:00,Annual,Thousand persons,Total,From 15 to 64 years,Total,United Kingdom,2015,30019.6,,
ESTAT:LFSA_EGAN(1.0),17/04/26 11:00:00,Annual,Thousand persons,Total,From 15 to 64 years,Total,United Kingdom,2016,30443.6,,
ESTAT:LFSA_EGAN(1.0),17/04/26 11:00:00,Annual,Thousand persons,Total,From 15 to 64 years,Total,United Kingdom,2017,30785.5,,
ESTAT:LFSA_EGAN(1.0),17/04/26 11:00:00,Annual,Thousand persons,Total,From 15 to 64 years,Total,United Kingdom,2018,31112.0,,
ESTAT:LFSA_EGAN(1.0),17/04/26 11:00:00,Annual,Thousand persons,Total,From 15 to 64 years,Total,United Kingdom,2019,31382.2,,
