Series Name,"Series Code","Country Name","Country Code","Time","Time Code","Value"
"GDP per capita, PPP (current international $)","NY.GDP.PCAP.PP.CD","United States","USA","2013","YR2013","53297.3862901595"
"GDP per capita, PPP (current international $)","NY.GDP.PCAP.PP.CD","United States","USA","2014","YR2014","55153.3940182967"
"GDP per capita, PPP (current international $)","NY.GDP.PCAP.PP.CD","United States","USA","2015","YR2015","56849.4697923159"
"GDP per capita, PPP (current international $)","NY.GDP.PCAP.PP.CD","United States","USA","2016","YR2016","57976.628204291"
"GDP per capita, PPP (current international $)","NY.GDP.PCAP.PP.CD","United States","USA","2017","YR2017","60047.7190728307"
"GDP per capita, PPP (current international $)","NY.GDP.PCAP.PP.CD","United States","USA","2018","YR2018","62875.6661382728"
"GDP per capita, PPP (current international $)","NY.GDP.PCAP.PP.CD","United States","USA","2019","YR2019","65227.9565911035"
"GDP per capita, PPP (current international $)","NY.GDP.PCAP.PP.CD","United States","USA","2020","YR2020","64401.5074354209"
"GDP per capita, PPP (current international $)","NY.GDP.PCAP.PP.CD","United States","USA","2021","YR2021","71307.4017277218"
"GDP per capita, PPP (current international $)","NY.GDP.PCAP.PP.CD","United States","USA","2022","YR2022","77860.9112908848"
"GDP per capita, PPP (current international $)","NY.GDP.PCAP.PP.CD","United States","USA","2023","YR2023","82304.6204272866"
"GDP per capita, PPP (current international $)","NY.GDP.PCAP.PP.CD","United States","USA","2024","YR2024","85809.9003846359"
"GDP per capita, PPP (current international $)","NY.GDP.PCAP.PP.CD","United Kingdom","GBR","2013","YR2013","39947.5369562562"
"GDP per capita, PPP (current international $)","NY.GDP.PCAP.PP.CD","United Kingdom","GBR","2014","YR2014","41266.8197795309"
"GDP per capita, PPP (current international $)","NY.GDP.PCAP.PP.CD","United Kingdom","GBR","2015","YR2015","42515.278865824"
"GDP per capita, PPP (current international $)","NY.GDP.PCAP.PP.CD","United Kingdom","GBR","2016","YR2016","44085.2025586772"
"GDP per capita, PPP (current international $)","NY.GDP.PCAP.PP.CD","United Kingdom","GBR","2017","YR2017","46113.0211677324"
"GDP per capita, PPP (current international $)","NY.GDP.PCAP.PP.CD","United Kingdom","GBR","2018","YR2018","47212.2045190522"
"GDP per capita, PPP (current international $)","NY.GDP.PCAP.PP.CD","United Kingdom","GBR","2019","YR2019","50064.9605582187"
"GDP per capita, PPP (current international $)","NY.GDP.PCAP.PP.CD","United Kingdom","GBR","2020","YR2020","48230.0477027461"
"GDP per capita, PPP (current international $)","NY.GDP.PCAP.PP.CD","United Kingdom","GBR","2021","YR2021","51004.4271714238"
"GDP per capita, PPP (current international $)","NY.GDP.PCAP.PP.CD","United Kingdom","GBR","2022","YR2022","59021.5721805914"
"GDP per capita, PPP (current international $)","NY.GDP.PCAP.PP.CD","United Kingdom","GBR","2023","YR2023","59911.3467663209"
"GDP per capita, PPP (current international $)","NY.GDP.PCAP.PP.CD","United Kingdom","GBR","2024","YR2024","62009.4907765366"
"GDP per capita, PPP (current international $)","NY.GDP.PCAP.PP.CD","Netherlands","NLD","2013","YR2013","49622.0519614799"
"GDP per capita, PPP (current international $)","NY.GDP.PCAP.PP.CD","Netherlands","NLD","2014","YR2014","49751.3092860822"
"GDP per capita, PPP (current international $)","NY.GDP.PCAP.PP.CD","Netherlands","NLD","2015","YR2015","50956.6930942185"
"GDP per capita, PPP (current international $)","NY.GDP.PCAP.PP.CD","Netherlands","NLD","2016","YR2016","53162.2791598028"
"GDP per capita, PPP (current international $)","NY.GDP.PCAP.PP.CD","Netherlands","NLD","2017","YR2017","56037.567993606"
"GDP per capita, PPP (current international $)","NY.GDP.PCAP.PP.CD","Netherlands","NLD","2018","YR2018","58819.2609142584"
"GDP per capita, PPP (current international $)","NY.GDP.PCAP.PP.CD","Netherlands","NLD","2019","YR2019","62345.2538465433"
"GDP per capita, PPP (current international $)","NY.GDP.PCAP.PP.CD","Netherlands","NLD","2020","YR2020","62596.6302027524"
"GDP per capita, PPP (current international $)","NY.GDP.PCAP.PP.CD","Netherlands","NLD","2021","YR2021","68573.5648786446"
"GDP per capita, PPP (current international $)","NY.GDP.PCAP.PP.CD","Netherlands","NLD","2022","YR2022","78630.3599072098"
"GDP per capita, PPP (current international $)","NY.GDP.PCAP.PP.CD","Netherlands","NLD","2023","YR2023","81728.6904629268"
"GDP per capita, PPP (current international $)","NY.GDP.PCAP.PP.CD","Netherlands","NLD","2024","YR2024","86173.6290841738"
"GDP per capita, PPP (current international $)","NY.GDP.PCAP.PP.CD","Spain","ESP","2013","YR2013","32613.6891811474"
"GDP per capita, PPP (current international $)","NY.GDP.PCAP.PP.CD","Spain","ESP","2014","YR2014","33760.9555646369"
"GDP per capita, PPP (current international $)","NY.GDP.PCAP.PP.CD","Spain","ESP","2015","YR2015","35228.6333036223"
"GDP per capita, PPP (current international $)","NY.GDP.PCAP.PP.CD","Spain","ESP","2016","YR2016","37612.7188681342"
"GDP per capita, PPP (current international $)","NY.GDP.PCAP.PP.CD","Spain","ESP","2017","YR2017","39825.2498116292"
"GDP per capita, PPP (current international $)","NY.GDP.PCAP.PP.CD","Spain","ESP","2018","YR2018","41015.1565755187"
"GDP per capita, PPP (current international $)","NY.GDP.PCAP.PP.CD","Spain","ESP","2019","YR2019","44042.757577336"
"GDP per capita, PPP (current international $)","NY.GDP.PCAP.PP.CD","Spain","ESP","2020","YR2020","39327.8479269599"
"GDP per capita, PPP (current international $)","NY.GDP.PCAP.PP.CD","Spain","ESP","2021","YR2021","44251.6658222621"
"GDP per capita, PPP (current international $)","NY.GDP.PCAP.PP.CD","Spain","ESP","2022","YR2022","51398.9310403407"
"GDP per capita, PPP (current international $)","NY.GDP.PCAP.PP.CD","Spain","ESP","2023","YR2023","55682.2402603093"
"GDP per capita, PPP (current international $)","NY.GDP.PCAP.PP.CD","Spain","ESP","2024","YR2024","57965.2948138837"
"GDP per capita, PPP (current international $)","NY.GDP.PCAP.PP.CD","Germany","DEU","2013","YR2013","45889.0173022052"
"GDP per capita, PPP (current international $)","NY.GDP.PCAP.PP.CD","Germany","DEU","2014","YR2014","47938.7968210418"
"GDP per capita, PPP (current international $)","NY.GDP.PCAP.PP.CD","Germany","DEU","2015","YR2015","48545.400721962"
"GDP per capita, PPP (current international $)","NY.GDP.PCAP.PP.CD","Germany","DEU","2016","YR2016","51569.9016841199"
"GDP per capita, PPP (current international $)","NY.GDP.PCAP.PP.CD","Germany","DEU","2017","YR2017","54110.2536648812"
"GDP per capita, PPP (current international $)","NY.GDP.PCAP.PP.CD","Germany","DEU","2018","YR2018","56273.0405627017"
"GDP per capita, PPP (current international $)","NY.GDP.PCAP.PP.CD","Germany","DEU","2019","YR2019","59270.7276496985"
"GDP per capita, PPP (current international $)","NY.GDP.PCAP.PP.CD","Germany","DEU","2020","YR2020","58685.872699771"
"GDP per capita, PPP (current international $)","NY.GDP.PCAP.PP.CD","Germany","DEU","2021","YR2021","62530.7653199239"
"GDP per capita, PPP (current international $)","NY.GDP.PCAP.PP.CD","Germany","DEU","2022","YR2022","69048.9884036885"
"GDP per capita, PPP (current international $)","NY.GDP.PCAP.PP.CD","Germany","DEU","2023","YR2023","71684.0311875583"
"GDP per capita, PPP (current international $)","NY.GDP.PCAP.PP.CD","Germany","DEU","2024","YR2024","73551.9347696836"
"GDP per capita, PPP (current international $)","NY.GDP.PCAP.PP.CD","France","FRA","2013","YR2013","39583.3520435045"
"GDP per capita, PPP (current international $)","NY.GDP.PCAP.PP.CD","France","FRA","2014","YR2014","40218.1258637776"
"GDP per capita, PPP (current international $)","NY.GDP.PCAP.PP.CD","France","FRA","2015","YR2015","40905.1767750994"
"GDP per capita, PPP (current international $)","NY.GDP.PCAP.PP.CD","France","FRA","2016","YR2016","42880.2351355431"
"GDP per capita, PPP (current international $)","NY.GDP.PCAP.PP.CD","France","FRA","2017","YR2017","44469.1458856805"
"GDP per capita, PPP (current international $)","NY.GDP.PCAP.PP.CD","France","FRA","2018","YR2018","46381.0590629457"
"GDP per capita, PPP (current international $)","NY.GDP.PCAP.PP.CD","France","FRA","2019","YR2019","51130.4723140578"
"GDP per capita, PPP (current international $)","NY.GDP.PCAP.PP.CD","France","FRA","2020","YR2020","49481.8044309655"
"GDP per capita, PPP (current international $)","NY.GDP.PCAP.PP.CD","France","FRA","2021","YR2021","52517.3354905855"
"GDP per capita, PPP (current international $)","NY.GDP.PCAP.PP.CD","France","FRA","2022","YR2022","57042.9449013772"
"GDP per capita, PPP (current international $)","NY.GDP.PCAP.PP.CD","France","FRA","2023","YR2023","60838.9416716424"
"GDP per capita, PPP (current international $)","NY.GDP.PCAP.PP.CD","France","FRA","2024","YR2024","62556.91810454"
"GDP per capita, PPP (current international $)","NY.GDP.PCAP.PP.CD","Australia","AUS","2013","YR2013","46123.4750962848"
"GDP per capita, PPP (current international $)","NY.GDP.PCAP.PP.CD","Australia","AUS","2014","YR2014","47108.5906459966"
"GDP per capita, PPP (current international $)","NY.GDP.PCAP.PP.CD","Australia","AUS","2015","YR2015","46464.5867627929"
"GDP per capita, PPP (current international $)","NY.GDP.PCAP.PP.CD","Australia","AUS","2016","YR2016","47446.2103030951"
"GDP per capita, PPP (current international $)","NY.GDP.PCAP.PP.CD","Australia","AUS","2017","YR2017","48564.8286592372"
"GDP per capita, PPP (current international $)","NY.GDP.PCAP.PP.CD","Australia","AUS","2018","YR2018","50371.233830782"
"GDP per capita, PPP (current international $)","NY.GDP.PCAP.PP.CD","Australia","AUS","2019","YR2019","52885.8313816377"
"GDP per capita, PPP (current international $)","NY.GDP.PCAP.PP.CD","Australia","AUS","2020","YR2020","54184.1614486854"
"GDP per capita, PPP (current international $)","NY.GDP.PCAP.PP.CD","Australia","AUS","2021","YR2021","58327.4146842325"
"GDP per capita, PPP (current international $)","NY.GDP.PCAP.PP.CD","Australia","AUS","2022","YR2022","66103.1797066957"
"GDP per capita, PPP (current international $)","NY.GDP.PCAP.PP.CD","Australia","AUS","2023","YR2023","72272.7092136683"
"GDP per capita, PPP (current international $)","NY.GDP.PCAP.PP.CD","Australia","AUS","2024","YR2024","72111.1844628126"
"GDP per capita, PPP (current international $)","NY.GDP.PCAP.PP.CD","Austria","AUT","2013","YR2013","47519.8522796571"
"GDP per capita, PPP (current international $)","NY.GDP.PCAP.PP.CD","Austria","AUT","2014","YR2014","48355.4977624407"
"GDP per capita, PPP (current international $)","NY.GDP.PCAP.PP.CD","Austria","AUT","2015","YR2015","49549.3162311441"
"GDP per capita, PPP (current international $)","NY.GDP.PCAP.PP.CD","Austria","AUT","2016","YR2016","52397.8635176674"
"GDP per capita, PPP (current international $)","NY.GDP.PCAP.PP.CD","Austria","AUT","2017","YR2017","53869.8321183556"
"GDP per capita, PPP (current international $)","NY.GDP.PCAP.PP.CD","Austria","AUT","2018","YR2018","56636.4953030542"
"GDP per capita, PPP (current international $)","NY.GDP.PCAP.PP.CD","Austria","AUT","2019","YR2019","60354.9279422121"
"GDP per capita, PPP (current international $)","NY.GDP.PCAP.PP.CD","Austria","AUT","2020","YR2020","58523.0337816246"
"GDP per capita, PPP (current international $)","NY.GDP.PCAP.PP.CD","Austria","AUT","2021","YR2021","62968.9422311892"
"GDP per capita, PPP (current international $)","NY.GDP.PCAP.PP.CD","Austria","AUT","2022","YR2022","72065.4974270106"
"GDP per capita, PPP (current international $)","NY.GDP.PCAP.PP.CD","Austria","AUT","2023","YR2023","73544.6567230487"
"GDP per capita, PPP (current international $)","NY.GDP.PCAP.PP.CD","Austria","AUT","2024","YR2024","73911.439663136"
"GDP per capita, PPP (current international $)","NY.GDP.PCAP.PP.CD","Brazil","BRA","2013","YR2013","15722.3335243701"
"GDP per capita, PPP (current international $)","NY.GDP.PCAP.PP.CD","Brazil","BRA","2014","YR2014","15827.3081625749"
"GDP per capita, PPP (current international $)","NY.GDP.PCAP.PP.CD","Brazil","BRA","2015","YR2015","14821.4383175183"
"GDP per capita, PPP (current international $)","NY.GDP.PCAP.PP.CD","Brazil","BRA","2016","YR2016","14309.2061488342"
"GDP per capita, PPP (current international $)","NY.GDP.PCAP.PP.CD","Brazil","BRA","2017","YR2017","14559.0488897884"
"GDP per capita, PPP (current international $)","NY.GDP.PCAP.PP.CD","Brazil","BRA","2018","YR2018","15463.7426393743"
"GDP per capita, PPP (current international $)","NY.GDP.PCAP.PP.CD","Brazil","BRA","2019","YR2019","16069.838015161"
"GDP per capita, PPP (current international $)","NY.GDP.PCAP.PP.CD","Brazil","BRA","2020","YR2020","16101.6183062954"
"GDP per capita, PPP (current international $)","NY.GDP.PCAP.PP.CD","Brazil","BRA","2021","YR2021","18075.7060048757"
"GDP per capita, PPP (current international $)","NY.GDP.PCAP.PP.CD","Brazil","BRA","2022","YR2022","19876.8533531396"
"GDP per capita, PPP (current international $)","NY.GDP.PCAP.PP.CD","Brazil","BRA","2023","YR2023","21175.6186988214"
"GDP per capita, PPP (current international $)","NY.GDP.PCAP.PP.CD","Brazil","BRA","2024","YR2024","22338.4765640635"
"GDP per capita, PPP (current international $)","NY.GDP.PCAP.PP.CD","Belgium","BEL","2013","YR2013","43864.1204196838"
"GDP per capita, PPP (current international $)","NY.GDP.PCAP.PP.CD","Belgium","BEL","2014","YR2014","45147.6429534057"
"GDP per capita, PPP (current international $)","NY.GDP.PCAP.PP.CD","Belgium","BEL","2015","YR2015","46071.914889496"
"GDP per capita, PPP (current international $)","NY.GDP.PCAP.PP.CD","Belgium","BEL","2016","YR2016","48414.5518065681"
"GDP per capita, PPP (current international $)","NY.GDP.PCAP.PP.CD","Belgium","BEL","2017","YR2017","50256.0631772784"
"GDP per capita, PPP (current international $)","NY.GDP.PCAP.PP.CD","Belgium","BEL","2018","YR2018","52466.7330784599"
"GDP per capita, PPP (current international $)","NY.GDP.PCAP.PP.CD","Belgium","BEL","2019","YR2019","56712.469571978"
"GDP per capita, PPP (current international $)","NY.GDP.PCAP.PP.CD","Belgium","BEL","2020","YR2020","56120.0958420466"
"GDP per capita, PPP (current international $)","NY.GDP.PCAP.PP.CD","Belgium","BEL","2021","YR2021","60669.2137746531"
"GDP per capita, PPP (current international $)","NY.GDP.PCAP.PP.CD","Belgium","BEL","2022","YR2022","69128.1388883843"
"GDP per capita, PPP (current international $)","NY.GDP.PCAP.PP.CD","Belgium","BEL","2023","YR2023","71946.1447190292"
"GDP per capita, PPP (current international $)","NY.GDP.PCAP.PP.CD","Belgium","BEL","2024","YR2024","73514.4831045258"
"GDP per capita, PPP (current international $)","NY.GDP.PCAP.PP.CD","Ireland","IRL","2013","YR2013","48838.7719825525"
"GDP per capita, PPP (current international $)","NY.GDP.PCAP.PP.CD","Ireland","IRL","2014","YR2014","52640.7843918553"
"GDP per capita, PPP (current international $)","NY.GDP.PCAP.PP.CD","Ireland","IRL","2015","YR2015","71588.2656638378"
"GDP per capita, PPP (current international $)","NY.GDP.PCAP.PP.CD","Ireland","IRL","2016","YR2016","73012.8198720374"
"GDP per capita, PPP (current international $)","NY.GDP.PCAP.PP.CD","Ireland","IRL","2017","YR2017","80450.3529336506"
"GDP per capita, PPP (current international $)","NY.GDP.PCAP.PP.CD","Ireland","IRL","2018","YR2018","86299.3420216976"
"GDP per capita, PPP (current international $)","NY.GDP.PCAP.PP.CD","Ireland","IRL","2019","YR2019","92022.59879983"
"GDP per capita, PPP (current international $)","NY.GDP.PCAP.PP.CD","Ireland","IRL","2020","YR2020","97799.9225748607"
"GDP per capita, PPP (current international $)","NY.GDP.PCAP.PP.CD","Ireland","IRL","2021","YR2021","116903.61243517"
"GDP per capita, PPP (current international $)","NY.GDP.PCAP.PP.CD","Ireland","IRL","2022","YR2022","138522.517800204"
"GDP per capita, PPP (current international $)","NY.GDP.PCAP.PP.CD","Ireland","IRL","2023","YR2023","129682.607150517"
"GDP per capita, PPP (current international $)","NY.GDP.PCAP.PP.CD","Ireland","IRL","2024","YR2024","133437.470117019"
"GDP per capita, PPP (current international $)","NY.GDP.PCAP.PP.CD","Switzerland","CHE","2013","YR2013","61656.4661708516"
"GDP per capita, PPP (current international $)","NY.GDP.PCAP.PP.CD","Switzerland","CHE","2014","YR2014","63417.0438110319"
"GDP per capita, PPP (current international $)","NY.GDP.PCAP.PP.CD","Switzerland","CHE","2015","YR2015","65265.04573356"
"GDP per capita, PPP (current international $)","NY.GDP.PCAP.PP.CD","Switzerland","CHE","2016","YR2016","67350.7518747757"
"GDP per capita, PPP (current international $)","NY.GDP.PCAP.PP.CD","Switzerland","CHE","2017","YR2017","68193.5055940262"
"GDP per capita, PPP (current international $)","NY.GDP.PCAP.PP.CD","Switzerland","CHE","2018","YR2018","70688.8187491194"
"GDP per capita, PPP (current international $)","NY.GDP.PCAP.PP.CD","Switzerland","CHE","2019","YR2019","73732.2353322093"
"GDP per capita, PPP (current international $)","NY.GDP.PCAP.PP.CD","Switzerland","CHE","2020","YR2020","72997.8239503282"
"GDP per capita, PPP (current international $)","NY.GDP.PCAP.PP.CD","Switzerland","CHE","2021","YR2021","81001.4111206118"
"GDP per capita, PPP (current international $)","NY.GDP.PCAP.PP.CD","Switzerland","CHE","2022","YR2022","94421.4576550424"
"GDP per capita, PPP (current international $)","NY.GDP.PCAP.PP.CD","Switzerland","CHE","2023","YR2023","95141.5960943632"
"GDP per capita, PPP (current international $)","NY.GDP.PCAP.PP.CD","Switzerland","CHE","2024","YR2024","96497.6947971323"
,"","","","","",""
,"","","","","",""
,"","","","","",""
Data from database: World Development Indicators,"","","","","",""
Last Updated: 04/08/2026,"","","","","",""
