Country Name,Country Code,Series Name,Series Code,2013 [YR2013],2014 [YR2014],2015 [YR2015],2016 [YR2016],2017 [YR2017],2018 [YR2018],2019 [YR2019],2020 [YR2020],2021 [YR2021],2022 [YR2022],2023 [YR2023],2024 [YR2024]
United States,USA,Gini index,SI.POV.GINI,40.9,41.7,41.5,41.3,41.4,41.8,41.9,40,39.7,41.7,41.8,41.8
United States,USA,"Inflation, GDP deflator: linked series (annual %)",NY.GDP.DEFL.KD.ZG.AD,1.70188036200072,1.74161805327677,0.928042793340694,0.950322477762683,1.79080328635395,2.29089027694309,1.65046566913468,1.32883273821456,4.56598550261991,7.1294808542103,3.59839135378085,2.41809815948876
United States,USA,"Unemployment, total (% of total labor force) (national estimate)",SL.UEM.TOTL.NE.ZS,7.375,6.168,5.28,4.869,4.355,3.896,3.669,8.055,5.349,3.65,3.638,4.022
United States,USA,"Wage and salaried workers, total (% of total employment) (modeled ILO estimate)",SL.EMP.WORK.ZS,92.9575651271557,93.1065446024243,93.1078948809573,93.1656113439205,93.2999955828473,93.2712780203987,93.4584275732255,93.6933515212802,93.4165879610081,93.7164154427621,93.9177931274305,93.8132403280586
United States,USA,GDP growth (annual %),NY.GDP.MKTP.KD.ZG,2.11783009790057,2.52381981363968,2.94555045484053,1.81945147788167,2.45762229852507,2.96650506901305,2.58382533412825,-2.16302914036166,6.05505293244555,2.51237531986017,2.88755600749487,2.79300127716779
United States,USA,GDP per capita growth (annual %),NY.GDP.PCAP.KD.ZG,1.34816252731798,1.71094543857326,2.12741138123612,1.02266589117943,1.75014094923958,2.36444249943987,2.05676590328193,-2.56180738534749,5.88834103890834,1.92386172918107,2.03559987540991,1.79419235153047
United Kingdom,GBR,Gini index,SI.POV.GINI,32.7,33.1,33.3,33.1,32.6,33.7,32.8,32.7,32.4,..,..,..
United Kingdom,GBR,"Inflation, GDP deflator: linked series (annual %)",NY.GDP.DEFL.KD.ZG.AD,2.10944101947345,1.31890253241846,0.658400607028781,1.96415131491665,1.85511702317338,1.92064709316311,2.13295139419517,4.96982050842443,0.066556651367506,5.44390476600624,6.88853758661627,4.01174057473806
United Kingdom,GBR,"Unemployment, total (% of total labor force) (national estimate)",SL.UEM.TOTL.NE.ZS,7.752,6.398,5.552,4.909,4.501,4.145,3.657,4.518,4.864,3.768,4.025,4.361
United Kingdom,GBR,"Wage and salaried workers, total (% of total employment) (modeled ILO estimate)",SL.EMP.WORK.ZS,85.5789049466577,84.7529055886931,85.0167841336914,84.7450712130517,84.6470555577831,84.9092630411679,84.9861076064304,85.4829332058235,86.4154876753677,86.6934804594799,86.5812685936669,86.7824939964226
United Kingdom,GBR,GDP growth (annual %),NY.GDP.MKTP.KD.ZG,1.71846961308464,3.16017351468152,2.14040560033371,2.20652020635357,3.02322219840339,1.55133095078786,1.25629899760824,-10.047896637362,8.5431118453255,5.14970388522993,0.271650048355255,1.1264226705118
United Kingdom,GBR,GDP per capita growth (annual %),NY.GDP.PCAP.KD.ZG,1.03970154694078,2.39229911882015,1.40598896714546,1.39799087279013,2.46254947655839,1.05651160071312,0.736576132017404,-10.2001887936603,8.15420782581518,4.18537017111771,-1.02837368059031,0.0541839994899789
Spain,ESP,Gini index,SI.POV.GINI,36.2,36.1,36.2,35.8,34.7,34.7,34.3,34.9,33.9,33.6,33.4,..
Spain,ESP,"Inflation, GDP deflator: linked series (annual %)",NY.GDP.DEFL.KD.ZG.AD,0.438175032697188,-0.22068679671149,0.552441816045786,0.372182539615821,1.25794431812474,1.18735470237598,1.42867123652391,1.13391454164042,2.55611236501613,4.71187421007816,6.23528006974459,2.9829920792457
Spain,ESP,"Unemployment, total (% of total labor force) (national estimate)",SL.UEM.TOTL.NE.ZS,26.094,24.441,22.057,19.635,17.224,15.255,14.104,15.532,14.914,13.033,12.179,11.344
Spain,ESP,"Wage and salaried workers, total (% of total employment) (modeled ILO estimate)",SL.EMP.WORK.ZS,82.5171948279908,82.0611122170042,82.59657826981,83.3246615635488,83.3068330156771,83.8994690753145,84.2558226330608,83.8651028953925,83.8661494076123,84.6258622682033,85.1578228191866,85.3014226341261
Spain,ESP,GDP growth (annual %),NY.GDP.MKTP.KD.ZG,-1.42732224757626,1.52048593647231,4.06086672473866,2.91515598595787,2.89604207865007,2.39541124478878,1.96117850841711,-10.9400706350371,6.68314420473001,6.37031712129601,2.46085796805582,3.45525405630191
Spain,ESP,GDP per capita growth (annual %),NY.GDP.PCAP.KD.ZG,-1.07017018206768,1.83396646193863,4.14701193619516,2.83577124069477,2.64617061107108,1.93406292039191,1.23303741249605,-11.3931290455953,6.49336738803039,5.60841068844668,1.26057958891062,2.40413218623925
Netherlands,NLD,Gini index,SI.POV.GINI,28.1,28.6,28.2,28.2,28.5,28.1,29.2,26,25.7,..,..,..
Netherlands,NLD,"Inflation, GDP deflator: linked series (annual %)",NY.GDP.DEFL.KD.ZG.AD,1.144927441192,0.344078059275915,0.888432954114009,0.565543760069971,1.43932706656167,2.53340289331616,3.02788370008784,2.35573022306261,2.74734329748038,6.15557496508328,7.34374256326598,5.1998130297299
Netherlands,NLD,"Unemployment, total (% of total labor force) (national estimate)",SL.UEM.TOTL.NE.ZS,7.241,7.419,6.872,6.007,4.837,3.832,3.379,3.82,4.209,3.526,3.535,3.638
Netherlands,NLD,"Wage and salaried workers, total (% of total employment) (modeled ILO estimate)",SL.EMP.WORK.ZS,85.3637565742668,85.1495382023773,85.0187069470031,85.0773011325742,85.245434412025,85.2180419417235,85.3801594136406,84.1076178382467,84.187816400475,83.3450171319993,83.2123998645944,83.1712869133384
Netherlands,NLD,GDP growth (annual %),NY.GDP.MKTP.KD.ZG,-0.0302325600539604,1.61261001294011,2.12060523860846,2.42428572955482,2.78154619309936,2.2587403735731,2.30009157916757,-3.86795333823223,6.2768306708326,5.00723455159611,-0.598096167209832,1.08100584845663
Netherlands,NLD,GDP per capita growth (annual %),NY.GDP.PCAP.KD.ZG,-0.324530183160419,1.24763624808071,1.66898777013176,1.88065314524779,2.17569091526914,1.66335743670078,1.63214291771632,-4.40052537279003,5.72193522957718,4.0109788096194,-1.57745734337647,0.427291768689813
Italy,ITA,Gini index,SI.POV.GINI,34.9,34.7,35.4,35.2,35.9,35.2,34.6,35.2,34.8,33.7,34.3,..
Italy,ITA,"Inflation, GDP deflator: linked series (annual %)",NY.GDP.DEFL.KD.ZG.AD,1.12578403623358,0.902550708834269,0.782776477740896,1.24817184167345,0.709821715080693,1.07058151640653,1.04700690430435,1.57740278796771,1.28332187292641,3.45535917134771,5.91461605792436,2.11108991995954
Italy,ITA,"Unemployment, total (% of total labor force) (national estimate)",SL.UEM.TOTL.NE.ZS,12.149,12.683,11.896,11.688,11.211,10.538,9.884,9.192,9.497,8.069,7.627,6.499
Italy,ITA,"Wage and salaried workers, total (% of total employment) (modeled ILO estimate)",SL.EMP.WORK.ZS,75.1788110290501,75.3203614961451,75.6205211453631,76.0650097532957,76.8001878901019,77.0102781702925,77.1945733999865,77.4326783099876,78.168173103786,78.5758441085737,78.7045749624284,78.7528905228471
Italy,ITA,GDP growth (annual %),NY.GDP.MKTP.KD.ZG,-1.81802510749792,-0.00138761730454462,0.885667635240807,1.23622108511661,1.60369995294101,0.826646712344115,0.429162533780342,-8.86822122185345,8.93106210800055,4.82117669913565,0.975694840127005,0.692676948440536
Italy,ITA,GDP per capita growth (annual %),NY.GDP.PCAP.KD.ZG,-2.01397031609169,-0.0164634913490715,1.03826511770654,1.42884453159633,1.79499729937032,0.581227670101029,1.13464411867925,-8.42323993924451,9.49416108466208,5.0334454866795,1.02611231433292,0.746500224061592
Germany,DEU,Gini index,SI.POV.GINI,31.4,30.8,31.4,31.3,31.3,31.9,32.2,32.5,33.6,33.7,..,..
Germany,DEU,"Inflation, GDP deflator: linked series (annual %)",NY.GDP.DEFL.KD.ZG.AD,1.99503160336462,1.90082490446211,1.68539776821872,1.25625863629057,1.46798916726962,1.86533423151265,2.01597612276328,1.75504599873261,2.80292936590148,6.09185663198414,6.14291652076442,3.10601366099202
Germany,DEU,"Unemployment, total (% of total labor force) (national estimate)",SL.UEM.TOTL.NE.ZS,5.316,4.979,4.612,4.104,3.781,3.384,3.163,3.881,3.54,3.098,2.978,3.364
Germany,DEU,"Wage and salaried workers, total (% of total employment) (modeled ILO estimate)",SL.EMP.WORK.ZS,88.842178508868,89.0873953805387,89.291046410214,89.4731986136907,89.7128591779512,90.0808193417758,90.4244931119561,91.1247938796972,91.0144045656523,91.5213527121689,91.7001969162557,91.8201665053189
Germany,DEU,GDP growth (annual %),NY.GDP.MKTP.KD.ZG,0.396995583779145,2.18018602168017,1.66300602334775,2.22222216259371,2.797906720551,1.13569604599849,0.977734697038784,-4.13191443239947,3.90999994204108,1.8092581243061,-0.869647578573321,-0.495851897260366
Germany,DEU,GDP per capita growth (annual %),NY.GDP.PCAP.KD.ZG,0.12338547838786,1.75510660613023,0.786705244581157,1.40038690062336,2.4144426920242,0.832212527052548,0.750266426253219,-4.21020011825779,3.86602720371127,1.83161439976671,-0.999929288913975,-0.769070552658818
France,FRA,Gini index,SI.POV.GINI,32.5,32.3,32.7,31.9,31.6,32.4,31.2,30.7,31.5,31.2,31.8,..
France,FRA,"Inflation, GDP deflator: linked series (annual %)",NY.GDP.DEFL.KD.ZG.AD,0.747875807422233,0.570795054388284,1.13444009013935,0.517258232209031,0.586343157961707,1.11459331332806,1.21052308336793,2.97797868174696,1.22181614073425,3.22063216992299,5.30357173576937,2.31295798668936
France,FRA,"Unemployment, total (% of total labor force) (national estimate)",SL.UEM.TOTL.NE.ZS,9.913,10.273,10.354,10.057,9.409,9.018,8.415,8.009,7.871,7.303,7.335,7.436
France,FRA,"Wage and salaried workers, total (% of total employment) (modeled ILO estimate)",SL.EMP.WORK.ZS,88.7270499727759,88.38928029242,88.4100189675655,88.1862090516996,88.3979428581463,88.3540110892777,87.9070520695251,87.5955350766688,87.3864875566232,86.8931213231878,87.0811939245382,86.6614379280463
France,FRA,GDP growth (annual %),NY.GDP.MKTP.KD.ZG,0.781756446231,0.997832947295251,1.06675474783462,0.860031075424033,2.08361485997399,1.64590872395887,2.02744646419237,-7.44064589948231,6.88233783360239,2.71676264185913,1.43921494437743,1.19046798275883
France,FRA,GDP per capita growth (annual %),NY.GDP.PCAP.KD.ZG,0.26214454973659,0.519383764691739,0.708030590350688,0.594243752389232,1.78779549384231,1.28216603702126,1.68870844116209,-7.74056751254994,6.50155219757207,2.20208858513766,1.16054609449012,0.925700761599856
China,CHN,Gini index,SI.POV.GINI,39.7,39.2,38.6,38.5,39.1,38.5,38.2,37.1,35.7,36,..,..
China,CHN,"Inflation, GDP deflator: linked series (annual %)",NY.GDP.DEFL.KD.ZG.AD,2.29799397401945,1.09109126562731,0.137261200602396,1.47744121334065,4.14602237470578,3.46789777292169,1.31550650702985,0.53000081660457,4.47386132078888,1.93427407840763,-0.50570453916356,-0.707200009795585
China,CHN,"Unemployment, total (% of total labor force) (national estimate)",SL.UEM.TOTL.NE.ZS,2.929,3.058,3.296,3.831,3.775,4.93,5.15,5.61,5.11,4.569,..,..
China,CHN,"Wage and salaried workers, total (% of total employment) (modeled ILO estimate)",SL.EMP.WORK.ZS,57.4035224223721,57.9616318569844,58.4918785409595,58.9979972079061,59.4863204387101,59.9664192007385,60.4384345294744,60.4619293602765,60.7328948874263,61.1427650636135,61.5504608675359,61.9498444163596
China,CHN,GDP growth (annual %),NY.GDP.MKTP.KD.ZG,7.77872409446717,7.46190028229434,6.97878002657477,6.77555562837017,6.8912663621211,6.75671800166833,6.06850235053705,2.34018843078414,8.57008513166322,3.1341888719577,5.41484330099675,4.9773565917572
China,CHN,GDP per capita growth (annual %),NY.GDP.PCAP.KD.ZG,7.06322465705706,6.78666987945924,6.35855026398104,6.16542718232793,6.24626618729064,6.25861232477357,5.6929006014863,2.09686667315867,8.47322717245602,3.14769982133814,5.52431494678926,5.10662482837367
Brazil,BRA,Gini index,SI.POV.GINI,52.7,52.1,51.9,53.4,53.3,53.9,53.5,48.8,52.9,51.9,51.5,50.3
Brazil,BRA,"Inflation, GDP deflator: linked series (annual %)",NY.GDP.DEFL.KD.ZG.AD,7.50456453269075,7.84670975119843,7.56617500786905,8.10360437332622,3.67138450418945,4.49353432783231,4.22425886378237,6.47249962311274,13.0472708596343,8.57028196142548,5.15950107501996,4.07967448439621
Brazil,BRA,"Unemployment, total (% of total labor force) (national estimate)",SL.UEM.TOTL.NE.ZS,7.071,6.755,8.538,11.58,12.792,12.329,11.936,13.697,13.158,9.231,7.947,6.801
Brazil,BRA,"Wage and salaried workers, total (% of total employment) (modeled ILO estimate)",SL.EMP.WORK.ZS,70.5306933721907,70.6380774511164,69.471260551692,69.1017376708992,68.4883037113466,68.1019662970011,67.7840573288815,67.4937055183708,66.4827575723646,67.8725666461771,68.7717287083402,69.4925308014466
Brazil,BRA,GDP growth (annual %),NY.GDP.MKTP.KD.ZG,3.0048226702888,0.503955740273241,-3.54576339347278,-3.2759169063211,1.32286905390815,1.78366676137003,1.22077782271943,-3.27675879612903,4.7626043797061,3.01669435408112,3.24165532813583,3.41931516597739
Brazil,BRA,GDP per capita growth (annual %),NY.GDP.PCAP.KD.ZG,2.17333080616082,-0.303163572469245,-4.30639755989316,-4.01012719205779,0.587668928601474,1.09040860420944,0.562970836695342,-3.83550546624957,4.3179316178023,2.64631532426549,2.83370012768067,3.00083291987643
Belgium,BEL,Gini index,SI.POV.GINI,27.7,28.1,27.7,27.6,27.4,27.2,27.2,26,26.6,26.4,26.8,..
Belgium,BEL,"Inflation, GDP deflator: linked series (annual %)",NY.GDP.DEFL.KD.ZG.AD,1.41248965471736,0.840395740063599,1.12183851916816,1.89528913569444,1.98316343604859,1.71728236623039,1.85424076568934,1.59611667576401,2.74262712757394,6.84397581715184,4.5081215034371,1.94370548612497
Belgium,BEL,"Unemployment, total (% of total labor force) (national estimate)",SL.UEM.TOTL.NE.ZS,8.425,8.523,8.482,7.83,7.09,5.941,5.364,5.545,6.248,5.57,5.547,5.708
Belgium,BEL,"Wage and salaried workers, total (% of total employment) (modeled ILO estimate)",SL.EMP.WORK.ZS,84.9206422486264,85.3867098359354,84.8209484749699,85.1691976778716,85.513225826713,85.4218603223247,85.2160284532741,84.5432371937612,85.4912177879278,84.7326070639044,85.2553057123112,85.3196761297737
Belgium,BEL,GDP growth (annual %),NY.GDP.MKTP.KD.ZG,0.305494549070232,1.76554038149924,1.47416433731927,1.19350273007754,1.47446761556785,1.87796847383565,2.4428900448156,-4.7929839083518,6.25445686466593,3.9562379757933,1.71412195515242,1.07045413019414
Belgium,BEL,GDP per capita growth (annual %),NY.GDP.PCAP.KD.ZG,-0.166173060728624,1.31477462306464,0.887876358046185,0.682454832714654,1.08431151262542,1.41528937457539,1.89071932044187,-5.20244011003201,5.8180102265206,3.11948540770641,0.852949954251983,0.400004034972383
Argentina,ARG,Gini index,SI.POV.GINI,41.1,41.8,..,42.3,41.4,41.7,43.3,42.7,42.4,40.7,42.4,42.4
Argentina,ARG,"Inflation, GDP deflator: linked series (annual %)",NY.GDP.DEFL.KD.ZG.AD,23.9487984162746,40.2829716315506,26.5799916024707,41.1193799882279,26.0063792819079,42.0336689575031,49.1955790596612,40.0830878011993,53.8020877665554,68.9938267692314,136.742358437599,207.605241734472
Argentina,ARG,"Unemployment, total (% of total labor force) (national estimate)",SL.UEM.TOTL.NE.ZS,7.1,7.268,..,..,8.347,9.22,9.843,11.461,8.736,6.805,6.139,1.694
Argentina,ARG,"Wage and salaried workers, total (% of total employment) (modeled ILO estimate)",SL.EMP.WORK.ZS,76.4525699007102,76.3465264933364,75.7970270055748,75.2063257897095,74.6599937347534,74.4711648639319,73.4928209912151,73.0000136812167,72.4110614586954,73.2896429489726,74.2467092792939,74.2768690630454
Argentina,ARG,GDP growth (annual %),NY.GDP.MKTP.KD.ZG,2.40532378079436,-2.51261532081394,2.73115982828944,-2.08032784377811,2.81850297775918,-2.61739646282038,-2.00086100285785,-9.9004848136464,10.4418119882506,6.02074537534855,-1.85578803046339,-1.34293072157739
Argentina,ARG,GDP per capita growth (annual %),NY.GDP.PCAP.KD.ZG,1.39351266056681,-3.51326421042003,1.66091253843923,-3.02450095578762,1.91639608148853,-3.41553683867816,-2.69506723533574,-10.3361096878518,10.1485599877349,5.79747980169367,-2.13703473540124,-1.68352700528746
"Venezuela, RB",VEN,Gini index,SI.POV.GINI,..,..,..,..,..,..,..,..,..,..,..,..
"Venezuela, RB",VEN,"Inflation, GDP deflator: linked series (annual %)",NY.GDP.DEFL.KD.ZG.AD,39.1175398450716,67.1466994164319,135.531505046053,307.478007106374,1049.7472570657,225690.059917835,21922.7615438353,1890.39434223884,1208.54711473506,211.018233802245,367.889226487606,54.7195996964698
"Venezuela, RB",VEN,"Unemployment, total (% of total labor force) (national estimate)",SL.UEM.TOTL.NE.ZS,..,..,..,5.319,5.045,..,..,7.526,..,..,..,..
"Venezuela, RB",VEN,"Wage and salaried workers, total (% of total employment) (modeled ILO estimate)",SL.EMP.WORK.ZS,65.0000495111946,65.0307234996837,64.9629520913152,64.8246559047344,63.8050030357105,62.3097340797411,60.699620013832,60.3090212704444,61.2315045471495,60.2813863836977,59.7647608212277,59.6546899478671
"Venezuela, RB",VEN,GDP growth (annual %),NY.GDP.MKTP.KD.ZG,1.34309403607486,-3.89438647450667,-6.22137102671199,-17.0403345996548,-15.6714088720003,-19.6553415972227,-27.6579678662627,-29.9985699155957,0.955433428579269,8.00091310654791,4.00168591128376,5.29999999999984
"Venezuela, RB",VEN,GDP per capita growth (annual %),NY.GDP.PCAP.KD.ZG,0.128922904421614,-4.98041137903969,-7.20256924845928,-17.557382467255,-15.1185209906493,-17.6129210502629,-25.4843294022527,-28.7827745677021,1.69281877474855,8.09588326352406,3.6788972037278,4.91191547368044
,,,,,,,,,,,,,,,
,,,,,,,,,,,,,,,
,,,,,,,,,,,,,,,
Data from database: World Development Indicators,,,,,,,,,,,,,,,
Last Updated: 04/08/2026,,,,,,,,,,,,,,,
