STRUCTURE,STRUCTURE_ID,STRUCTURE_NAME,ACTION,REF_AREA,Reference area,FREQ,Frequency of observation,MEASURE,Measure,STATISTICAL_OPERATION,Statistical operation,UNIT_MEASURE,Unit of measure,AGE,Age,METHODOLOGY,Methodology,DEFINITION,Definition,POVERTY_LINE,Poverty line,TIME_PERIOD,Time period,OBS_VALUE,Observation value,OBS_STATUS,Observation status,UNIT_MULT,Unit multiplier,CURRENCY,Currency,DECIMALS,Decimals,PRICE_BASE,Price base,BASE_PER,Base period,CONF_STATUS,Confidentiality status
DATAFLOW,OECD.WISE.INE:DSD_WISE_IDD@DF_IDD(1.0),Income distribution database,I,GBR,United Kingdom,A,Annual,INC_DISP,Disposable income,MEAN,Arithmetic mean,XDC_HH_EQ,National currency per equivalised household,Y18T65,From 18 to 65 years,METH2012,Income definition since 2012,D_CUR,Current definition,_Z,Not applicable,2013,,22352.11316,,A,Normal value,,,GBP,Pound sterling,0,Zero,V,Current prices,,,,
DATAFLOW,OECD.WISE.INE:DSD_WISE_IDD@DF_IDD(1.0),Income distribution database,I,GBR,United Kingdom,A,Annual,INC_DISP,Disposable income,MEAN,Arithmetic mean,XDC_HH_EQ,National currency per equivalised household,Y18T65,From 18 to 65 years,METH2012,Income definition since 2012,D_CUR,Current definition,_Z,Not applicable,2014,,23381.17073,,A,Normal value,,,GBP,Pound sterling,0,Zero,V,Current prices,,,,
DATAFLOW,OECD.WISE.INE:DSD_WISE_IDD@DF_IDD(1.0),Income distribution database,I,ITA,Italy,A,Annual,INC_DISP,Disposable income,MEAN,Arithmetic mean,XDC_HH_EQ,National currency per equivalised household,Y18T65,From 18 to 65 years,METH2012,Income definition since 2012,D_CUR,Current definition,_Z,Not applicable,2022,,26396.13671875,,A,Normal value,,,EUR,Euro,0,Zero,V,Current prices,,,,
DATAFLOW,OECD.WISE.INE:DSD_WISE_IDD@DF_IDD(1.0),Income distribution database,I,ITA,Italy,A,Annual,INC_DISP,Disposable income,MEAN,Arithmetic mean,XDC_HH_EQ,National currency per equivalised household,Y18T65,From 18 to 65 years,METH2012,Income definition since 2012,D_CUR,Current definition,_Z,Not applicable,2023,,27318.876953125,,A,Normal value,,,EUR,Euro,0,Zero,V,Current prices,,,,
DATAFLOW,OECD.WISE.INE:DSD_WISE_IDD@DF_IDD(1.0),Income distribution database,I,ESP,Spain,A,Annual,INC_DISP,Disposable income,MEAN,Arithmetic mean,XDC_HH_EQ,National currency per equivalised household,Y18T65,From 18 to 65 years,METH2012,Income definition since 2012,D_CUR,Current definition,_Z,Not applicable,2013,,17901.318359375,,A,Normal value,,,EUR,Euro,0,Zero,V,Current prices,,,,
DATAFLOW,OECD.WISE.INE:DSD_WISE_IDD@DF_IDD(1.0),Income distribution database,I,ESP,Spain,A,Annual,INC_DISP,Disposable income,MEAN,Arithmetic mean,XDC_HH_EQ,National currency per equivalised household,Y18T65,From 18 to 65 years,METH2012,Income definition since 2012,D_CUR,Current definition,_Z,Not applicable,2014,,17817.716796875,,A,Normal value,,,EUR,Euro,0,Zero,V,Current prices,,,,
DATAFLOW,OECD.WISE.INE:DSD_WISE_IDD@DF_IDD(1.0),Income distribution database,I,DEU,Germany,A,Annual,INC_DISP,Disposable income,MEAN,Arithmetic mean,XDC_HH_EQ,National currency per equivalised household,Y18T65,From 18 to 65 years,METH2012,Income definition since 2012,D_CUR,Current definition,_Z,Not applicable,2021,,34003,,A,Normal value,,,EUR,Euro,0,Zero,V,Current prices,,,,
DATAFLOW,OECD.WISE.INE:DSD_WISE_IDD@DF_IDD(1.0),Income distribution database,I,ITA,Italy,A,Annual,INC_DISP,Disposable income,MEDIAN,Median,XDC_HH_EQ,National currency per equivalised household,Y18T65,From 18 to 65 years,METH2012,Income definition since 2012,D_CUR,Current definition,_Z,Not applicable,2014,,18566.5,,A,Normal value,,,EUR,Euro,0,Zero,V,Current prices,,,,
DATAFLOW,OECD.WISE.INE:DSD_WISE_IDD@DF_IDD(1.0),Income distribution database,I,FRA,France,A,Annual,INC_DISP,Disposable income,MEAN,Arithmetic mean,XDC_HH_EQ,National currency per equivalised household,Y18T65,From 18 to 65 years,METH2012,Income definition since 2012,D_CUR,Current definition,_Z,Not applicable,2022,,31880,,A,Normal value,,,EUR,Euro,0,Zero,V,Current prices,,,,
DATAFLOW,OECD.WISE.INE:DSD_WISE_IDD@DF_IDD(1.0),Income distribution database,I,ITA,Italy,A,Annual,INC_DISP,Disposable income,MEAN,Arithmetic mean,XDC_HH_EQ,National currency per equivalised household,Y18T65,From 18 to 65 years,METH2012,Income definition since 2012,D_CUR,Current definition,_Z,Not applicable,2016,,21654.509765625,,A,Normal value,,,EUR,Euro,0,Zero,V,Current prices,,,,
DATAFLOW,OECD.WISE.INE:DSD_WISE_IDD@DF_IDD(1.0),Income distribution database,I,ITA,Italy,A,Annual,INC_DISP,Disposable income,MEAN,Arithmetic mean,XDC_HH_EQ,National currency per equivalised household,Y18T65,From 18 to 65 years,METH2012,Income definition since 2012,D_CUR,Current definition,_Z,Not applicable,2017,,22304.185546875,,A,Normal value,,,EUR,Euro,0,Zero,V,Current prices,,,,
DATAFLOW,OECD.WISE.INE:DSD_WISE_IDD@DF_IDD(1.0),Income distribution database,I,ITA,Italy,A,Annual,INC_DISP,Disposable income,MEAN,Arithmetic mean,XDC_HH_EQ,National currency per equivalised household,Y18T65,From 18 to 65 years,METH2012,Income definition since 2012,D_CUR,Current definition,_Z,Not applicable,2018,,22588.18359375,,A,Normal value,,,EUR,Euro,0,Zero,V,Current prices,,,,
DATAFLOW,OECD.WISE.INE:DSD_WISE_IDD@DF_IDD(1.0),Income distribution database,I,FRA,France,A,Annual,INC_DISP,Disposable income,MEAN,Arithmetic mean,XDC_HH_EQ,National currency per equivalised household,Y18T65,From 18 to 65 years,METH2012,Income definition since 2012,D_CUR,Current definition,_Z,Not applicable,2023,,33320,,A,Normal value,,,EUR,Euro,0,Zero,V,Current prices,,,,
DATAFLOW,OECD.WISE.INE:DSD_WISE_IDD@DF_IDD(1.0),Income distribution database,I,FRA,France,A,Annual,INC_DISP,Disposable income,MEAN,Arithmetic mean,XDC_HH_EQ,National currency per equivalised household,Y18T65,From 18 to 65 years,METH2012,Income definition since 2012,D_CUR,Current definition,_Z,Not applicable,2020,,29220,,A,Normal value,,,EUR,Euro,0,Zero,V,Current prices,,,,
DATAFLOW,OECD.WISE.INE:DSD_WISE_IDD@DF_IDD(1.0),Income distribution database,I,GBR,United Kingdom,A,Annual,INC_DISP,Disposable income,MEAN,Arithmetic mean,XDC_HH_EQ,National currency per equivalised household,Y18T65,From 18 to 65 years,METH2012,Income definition since 2012,D_CUR,Current definition,_Z,Not applicable,2015,,23836.66723,,A,Normal value,,,GBP,Pound sterling,0,Zero,V,Current prices,,,,
DATAFLOW,OECD.WISE.INE:DSD_WISE_IDD@DF_IDD(1.0),Income distribution database,I,GBR,United Kingdom,A,Annual,INC_DISP,Disposable income,MEAN,Arithmetic mean,XDC_HH_EQ,National currency per equivalised household,Y18T65,From 18 to 65 years,METH2012,Income definition since 2012,D_CUR,Current definition,_Z,Not applicable,2021,,27251.1427,,A,Normal value,,,GBP,Pound sterling,0,Zero,V,Current prices,,,,
DATAFLOW,OECD.WISE.INE:DSD_WISE_IDD@DF_IDD(1.0),Income distribution database,I,ESP,Spain,A,Annual,INC_DISP,Disposable income,MEAN,Arithmetic mean,XDC_HH_EQ,National currency per equivalised household,Y18T65,From 18 to 65 years,METH2012,Income definition since 2012,D_CUR,Current definition,_Z,Not applicable,2019,,21120.8515625,,A,Normal value,,,EUR,Euro,0,Zero,V,Current prices,,,,
DATAFLOW,OECD.WISE.INE:DSD_WISE_IDD@DF_IDD(1.0),Income distribution database,I,ESP,Spain,A,Annual,INC_DISP,Disposable income,MEAN,Arithmetic mean,XDC_HH_EQ,National currency per equivalised household,Y18T65,From 18 to 65 years,METH2012,Income definition since 2012,D_CUR,Current definition,_Z,Not applicable,2020,,20978.4765625,,A,Normal value,,,EUR,Euro,0,Zero,V,Current prices,,,,
DATAFLOW,OECD.WISE.INE:DSD_WISE_IDD@DF_IDD(1.0),Income distribution database,I,ESP,Spain,A,Annual,INC_DISP,Disposable income,MEAN,Arithmetic mean,XDC_HH_EQ,National currency per equivalised household,Y18T65,From 18 to 65 years,METH2012,Income definition since 2012,D_CUR,Current definition,_Z,Not applicable,2021,,22438.583984375,,A,Normal value,,,EUR,Euro,0,Zero,V,Current prices,,,,
DATAFLOW,OECD.WISE.INE:DSD_WISE_IDD@DF_IDD(1.0),Income distribution database,I,ESP,Spain,A,Annual,INC_DISP,Disposable income,MEAN,Arithmetic mean,XDC_HH_EQ,National currency per equivalised household,Y18T65,From 18 to 65 years,METH2012,Income definition since 2012,D_CUR,Current definition,_Z,Not applicable,2022,,24251.69140625,,A,Normal value,,,EUR,Euro,0,Zero,V,Current prices,,,,
DATAFLOW,OECD.WISE.INE:DSD_WISE_IDD@DF_IDD(1.0),Income distribution database,I,ESP,Spain,A,Annual,INC_DISP,Disposable income,MEAN,Arithmetic mean,XDC_HH_EQ,National currency per equivalised household,Y18T65,From 18 to 65 years,METH2012,Income definition since 2012,D_CUR,Current definition,_Z,Not applicable,2023,,25679.435546875,,A,Normal value,,,EUR,Euro,0,Zero,V,Current prices,,,,
DATAFLOW,OECD.WISE.INE:DSD_WISE_IDD@DF_IDD(1.0),Income distribution database,I,ITA,Italy,A,Annual,INC_DISP,Disposable income,MEAN,Arithmetic mean,XDC_HH_EQ,National currency per equivalised household,Y18T65,From 18 to 65 years,METH2012,Income definition since 2012,D_CUR,Current definition,_Z,Not applicable,2013,,20921.466796875,,A,Normal value,,,EUR,Euro,0,Zero,V,Current prices,,,,
DATAFLOW,OECD.WISE.INE:DSD_WISE_IDD@DF_IDD(1.0),Income distribution database,I,ITA,Italy,A,Annual,INC_DISP,Disposable income,MEAN,Arithmetic mean,XDC_HH_EQ,National currency per equivalised household,Y18T65,From 18 to 65 years,METH2012,Income definition since 2012,D_CUR,Current definition,_Z,Not applicable,2014,,20897.134765625,,A,Normal value,,,EUR,Euro,0,Zero,V,Current prices,,,,
DATAFLOW,OECD.WISE.INE:DSD_WISE_IDD@DF_IDD(1.0),Income distribution database,I,ITA,Italy,A,Annual,INC_DISP,Disposable income,MEAN,Arithmetic mean,XDC_HH_EQ,National currency per equivalised household,Y18T65,From 18 to 65 years,METH2012,Income definition since 2012,D_CUR,Current definition,_Z,Not applicable,2015,,21282.3359375,,A,Normal value,,,EUR,Euro,0,Zero,V,Current prices,,,,
DATAFLOW,OECD.WISE.INE:DSD_WISE_IDD@DF_IDD(1.0),Income distribution database,I,DEU,Germany,A,Annual,INC_DISP,Disposable income,MEAN,Arithmetic mean,XDC_HH_EQ,National currency per equivalised household,Y18T65,From 18 to 65 years,METH2012,Income definition since 2012,D_CUR,Current definition,_Z,Not applicable,2020,,32315.94,,A,Normal value,,,EUR,Euro,0,Zero,V,Current prices,,,,
DATAFLOW,OECD.WISE.INE:DSD_WISE_IDD@DF_IDD(1.0),Income distribution database,I,ITA,Italy,A,Annual,INC_DISP,Disposable income,MEAN,Arithmetic mean,XDC_HH_EQ,National currency per equivalised household,Y18T65,From 18 to 65 years,METH2012,Income definition since 2012,D_CUR,Current definition,_Z,Not applicable,2020,,23293.57421875,,A,Normal value,,,EUR,Euro,0,Zero,V,Current prices,,,,
DATAFLOW,OECD.WISE.INE:DSD_WISE_IDD@DF_IDD(1.0),Income distribution database,I,ITA,Italy,A,Annual,INC_DISP,Disposable income,MEAN,Arithmetic mean,XDC_HH_EQ,National currency per equivalised household,Y18T65,From 18 to 65 years,METH2012,Income definition since 2012,D_CUR,Current definition,_Z,Not applicable,2021,,24691.5859375,,A,Normal value,,,EUR,Euro,0,Zero,V,Current prices,,,,
DATAFLOW,OECD.WISE.INE:DSD_WISE_IDD@DF_IDD(1.0),Income distribution database,I,ITA,Italy,A,Annual,INC_DISP,Disposable income,MEAN,Arithmetic mean,XDC_HH_EQ,National currency per equivalised household,Y18T65,From 18 to 65 years,METH2012,Income definition since 2012,D_CUR,Current definition,_Z,Not applicable,2019,,23511.666015625,,A,Normal value,,,EUR,Euro,0,Zero,V,Current prices,,,,
DATAFLOW,OECD.WISE.INE:DSD_WISE_IDD@DF_IDD(1.0),Income distribution database,I,DEU,Germany,A,Annual,INC_DISP,Disposable income,MEAN,Arithmetic mean,XDC_HH_EQ,National currency per equivalised household,Y18T65,From 18 to 65 years,METH2012,Income definition since 2012,D_CUR,Current definition,_Z,Not applicable,2018,,29203,,A,Normal value,,,EUR,Euro,0,Zero,V,Current prices,,,,
DATAFLOW,OECD.WISE.INE:DSD_WISE_IDD@DF_IDD(1.0),Income distribution database,I,ITA,Italy,A,Annual,INC_DISP,Disposable income,MEDIAN,Median,XDC_HH_EQ,National currency per equivalised household,Y18T65,From 18 to 65 years,METH2012,Income definition since 2012,D_CUR,Current definition,_Z,Not applicable,2015,,19059.5,,A,Normal value,,,EUR,Euro,0,Zero,V,Current prices,,,,
DATAFLOW,OECD.WISE.INE:DSD_WISE_IDD@DF_IDD(1.0),Income distribution database,I,ESP,Spain,A,Annual,INC_DISP,Disposable income,MEDIAN,Median,XDC_HH_EQ,National currency per equivalised household,Y18T65,From 18 to 65 years,METH2012,Income definition since 2012,D_CUR,Current definition,_Z,Not applicable,2020,,18535.5,,A,Normal value,,,EUR,Euro,0,Zero,V,Current prices,,,,
DATAFLOW,OECD.WISE.INE:DSD_WISE_IDD@DF_IDD(1.0),Income distribution database,I,FRA,France,A,Annual,INC_DISP,Disposable income,MEDIAN,Median,XDC_HH_EQ,National currency per equivalised household,Y18T65,From 18 to 65 years,METH2012,Income definition since 2012,D_CUR,Current definition,_Z,Not applicable,2020,,25680,,A,Normal value,,,EUR,Euro,0,Zero,V,Current prices,,,,
DATAFLOW,OECD.WISE.INE:DSD_WISE_IDD@DF_IDD(1.0),Income distribution database,I,ITA,Italy,A,Annual,INC_DISP,Disposable income,MEDIAN,Median,XDC_HH_EQ,National currency per equivalised household,Y18T65,From 18 to 65 years,METH2012,Income definition since 2012,D_CUR,Current definition,_Z,Not applicable,2018,,20128.162109375,,A,Normal value,,,EUR,Euro,0,Zero,V,Current prices,,,,
DATAFLOW,OECD.WISE.INE:DSD_WISE_IDD@DF_IDD(1.0),Income distribution database,I,FRA,France,A,Annual,INC_DISP,Disposable income,MEDIAN,Median,XDC_HH_EQ,National currency per equivalised household,Y18T65,From 18 to 65 years,METH2012,Income definition since 2012,D_CUR,Current definition,_Z,Not applicable,2022,,27680,,A,Normal value,,,EUR,Euro,0,Zero,V,Current prices,,,,
DATAFLOW,OECD.WISE.INE:DSD_WISE_IDD@DF_IDD(1.0),Income distribution database,I,ITA,Italy,A,Annual,INC_DISP,Disposable income,MEDIAN,Median,XDC_HH_EQ,National currency per equivalised household,Y18T65,From 18 to 65 years,METH2012,Income definition since 2012,D_CUR,Current definition,_Z,Not applicable,2022,,23399,,A,Normal value,,,EUR,Euro,0,Zero,V,Current prices,,,,
DATAFLOW,OECD.WISE.INE:DSD_WISE_IDD@DF_IDD(1.0),Income distribution database,I,DEU,Germany,A,Annual,INC_DISP,Disposable income,MEAN,Arithmetic mean,XDC_HH_EQ,National currency per equivalised household,Y18T65,From 18 to 65 years,METH2012,Income definition since 2012,D_CUR,Current definition,_Z,Not applicable,2014,,26099,,A,Normal value,,,EUR,Euro,0,Zero,V,Current prices,,,,
DATAFLOW,OECD.WISE.INE:DSD_WISE_IDD@DF_IDD(1.0),Income distribution database,I,FRA,France,A,Annual,INC_DISP,Disposable income,MEDIAN,Median,XDC_HH_EQ,National currency per equivalised household,Y18T65,From 18 to 65 years,METH2012,Income definition since 2012,D_CUR,Current definition,_Z,Not applicable,2021,,26280,,A,Normal value,,,EUR,Euro,0,Zero,V,Current prices,,,,
DATAFLOW,OECD.WISE.INE:DSD_WISE_IDD@DF_IDD(1.0),Income distribution database,I,DEU,Germany,A,Annual,INC_DISP,Disposable income,MEDIAN,Median,XDC_HH_EQ,National currency per equivalised household,Y18T65,From 18 to 65 years,METH2012,Income definition since 2012,D_CUR,Current definition,_Z,Not applicable,2013,,22932,,A,Normal value,,,EUR,Euro,0,Zero,V,Current prices,,,,
DATAFLOW,OECD.WISE.INE:DSD_WISE_IDD@DF_IDD(1.0),Income distribution database,I,DEU,Germany,A,Annual,INC_DISP,Disposable income,MEAN,Arithmetic mean,XDC_HH_EQ,National currency per equivalised household,Y18T65,From 18 to 65 years,METH2012,Income definition since 2012,D_CUR,Current definition,_Z,Not applicable,2019,,30638,,A,Normal value,,,EUR,Euro,0,Zero,V,Current prices,,,,
DATAFLOW,OECD.WISE.INE:DSD_WISE_IDD@DF_IDD(1.0),Income distribution database,I,GBR,United Kingdom,A,Annual,INC_DISP,Disposable income,MEAN,Arithmetic mean,XDC_HH_EQ,National currency per equivalised household,Y18T65,From 18 to 65 years,METH2012,Income definition since 2012,D_CUR,Current definition,_Z,Not applicable,2020,,25985,,A,Normal value,,,GBP,Pound sterling,0,Zero,V,Current prices,,,,
DATAFLOW,OECD.WISE.INE:DSD_WISE_IDD@DF_IDD(1.0),Income distribution database,I,GBR,United Kingdom,A,Annual,INC_DISP,Disposable income,MEAN,Arithmetic mean,XDC_HH_EQ,National currency per equivalised household,Y18T65,From 18 to 65 years,METH2012,Income definition since 2012,D_CUR,Current definition,_Z,Not applicable,2016,,23741,,A,Normal value,,,GBP,Pound sterling,0,Zero,V,Current prices,,,,
DATAFLOW,OECD.WISE.INE:DSD_WISE_IDD@DF_IDD(1.0),Income distribution database,I,GBR,United Kingdom,A,Annual,INC_DISP,Disposable income,MEDIAN,Median,XDC_HH_EQ,National currency per equivalised household,Y18T65,From 18 to 65 years,METH2012,Income definition since 2012,D_CUR,Current definition,_Z,Not applicable,2022,,25133.50833,,A,Normal value,,,GBP,Pound sterling,0,Zero,V,Current prices,,,,
DATAFLOW,OECD.WISE.INE:DSD_WISE_IDD@DF_IDD(1.0),Income distribution database,I,GBR,United Kingdom,A,Annual,INC_DISP,Disposable income,MEDIAN,Median,XDC_HH_EQ,National currency per equivalised household,Y18T65,From 18 to 65 years,METH2012,Income definition since 2012,D_CUR,Current definition,_Z,Not applicable,2023,,26460.83203125,,A,Normal value,,,GBP,Pound sterling,0,Zero,V,Current prices,,,,
DATAFLOW,OECD.WISE.INE:DSD_WISE_IDD@DF_IDD(1.0),Income distribution database,I,GBR,United Kingdom,A,Annual,INC_DISP,Disposable income,MEDIAN,Median,XDC_HH_EQ,National currency per equivalised household,Y18T65,From 18 to 65 years,METH2012,Income definition since 2012,D_CUR,Current definition,_Z,Not applicable,2020,,21654,,A,Normal value,,,GBP,Pound sterling,0,Zero,V,Current prices,,,,
DATAFLOW,OECD.WISE.INE:DSD_WISE_IDD@DF_IDD(1.0),Income distribution database,I,GBR,United Kingdom,A,Annual,INC_DISP,Disposable income,MEDIAN,Median,XDC_HH_EQ,National currency per equivalised household,Y18T65,From 18 to 65 years,METH2012,Income definition since 2012,D_CUR,Current definition,_Z,Not applicable,2014,,19244.61532,,A,Normal value,,,GBP,Pound sterling,0,Zero,V,Current prices,,,,
DATAFLOW,OECD.WISE.INE:DSD_WISE_IDD@DF_IDD(1.0),Income distribution database,I,GBR,United Kingdom,A,Annual,INC_DISP,Disposable income,MEDIAN,Median,XDC_HH_EQ,National currency per equivalised household,Y18T65,From 18 to 65 years,METH2012,Income definition since 2012,D_CUR,Current definition,_Z,Not applicable,2015,,19598.61905,,A,Normal value,,,GBP,Pound sterling,0,Zero,V,Current prices,,,,
DATAFLOW,OECD.WISE.INE:DSD_WISE_IDD@DF_IDD(1.0),Income distribution database,I,GBR,United Kingdom,A,Annual,INC_DISP,Disposable income,MEDIAN,Median,XDC_HH_EQ,National currency per equivalised household,Y18T65,From 18 to 65 years,METH2012,Income definition since 2012,D_CUR,Current definition,_Z,Not applicable,2021,,22744.49738,,A,Normal value,,,GBP,Pound sterling,0,Zero,V,Current prices,,,,
DATAFLOW,OECD.WISE.INE:DSD_WISE_IDD@DF_IDD(1.0),Income distribution database,I,GBR,United Kingdom,A,Annual,INC_DISP,Disposable income,MEDIAN,Median,XDC_HH_EQ,National currency per equivalised household,Y18T65,From 18 to 65 years,METH2012,Income definition since 2012,D_CUR,Current definition,_Z,Not applicable,2013,,18477,,A,Normal value,,,GBP,Pound sterling,0,Zero,V,Current prices,,,,
DATAFLOW,OECD.WISE.INE:DSD_WISE_IDD@DF_IDD(1.0),Income distribution database,I,GBR,United Kingdom,A,Annual,INC_DISP,Disposable income,MEDIAN,Median,XDC_HH_EQ,National currency per equivalised household,Y18T65,From 18 to 65 years,METH2012,Income definition since 2012,D_CUR,Current definition,_Z,Not applicable,2016,,19999,,A,Normal value,,,GBP,Pound sterling,0,Zero,V,Current prices,,,,
DATAFLOW,OECD.WISE.INE:DSD_WISE_IDD@DF_IDD(1.0),Income distribution database,I,GBR,United Kingdom,A,Annual,INC_DISP,Disposable income,MEAN,Arithmetic mean,XDC_HH_EQ,National currency per equivalised household,Y18T65,From 18 to 65 years,METH2012,Income definition since 2012,D_CUR,Current definition,_Z,Not applicable,2022,,30528.2662,,A,Normal value,,,GBP,Pound sterling,0,Zero,V,Current prices,,,,
DATAFLOW,OECD.WISE.INE:DSD_WISE_IDD@DF_IDD(1.0),Income distribution database,I,GBR,United Kingdom,A,Annual,INC_DISP,Disposable income,MEAN,Arithmetic mean,XDC_HH_EQ,National currency per equivalised household,Y18T65,From 18 to 65 years,METH2012,Income definition since 2012,D_CUR,Current definition,_Z,Not applicable,2023,,32248.9553277183,,A,Normal value,,,GBP,Pound sterling,0,Zero,V,Current prices,,,,
DATAFLOW,OECD.WISE.INE:DSD_WISE_IDD@DF_IDD(1.0),Income distribution database,I,GBR,United Kingdom,A,Annual,INC_DISP,Disposable income,MEAN,Arithmetic mean,XDC_HH_EQ,National currency per equivalised household,Y18T65,From 18 to 65 years,METH2012,Income definition since 2012,D_CUR,Current definition,_Z,Not applicable,2017,,24767,,A,Normal value,,,GBP,Pound sterling,0,Zero,V,Current prices,,,,
DATAFLOW,OECD.WISE.INE:DSD_WISE_IDD@DF_IDD(1.0),Income distribution database,I,GBR,United Kingdom,A,Annual,INC_DISP,Disposable income,MEAN,Arithmetic mean,XDC_HH_EQ,National currency per equivalised household,Y18T65,From 18 to 65 years,METH2012,Income definition since 2012,D_CUR,Current definition,_Z,Not applicable,2018,,25418,,A,Normal value,,,GBP,Pound sterling,0,Zero,V,Current prices,,,,
DATAFLOW,OECD.WISE.INE:DSD_WISE_IDD@DF_IDD(1.0),Income distribution database,I,GBR,United Kingdom,A,Annual,INC_DISP,Disposable income,MEAN,Arithmetic mean,XDC_HH_EQ,National currency per equivalised household,Y18T65,From 18 to 65 years,METH2012,Income definition since 2012,D_CUR,Current definition,_Z,Not applicable,2019,,26892,,A,Normal value,,,GBP,Pound sterling,0,Zero,V,Current prices,,,,
DATAFLOW,OECD.WISE.INE:DSD_WISE_IDD@DF_IDD(1.0),Income distribution database,I,GBR,United Kingdom,A,Annual,INC_DISP,Disposable income,MEDIAN,Median,XDC_HH_EQ,National currency per equivalised household,Y18T65,From 18 to 65 years,METH2012,Income definition since 2012,D_CUR,Current definition,_Z,Not applicable,2017,,20739,,A,Normal value,,,GBP,Pound sterling,0,Zero,V,Current prices,,,,
DATAFLOW,OECD.WISE.INE:DSD_WISE_IDD@DF_IDD(1.0),Income distribution database,I,GBR,United Kingdom,A,Annual,INC_DISP,Disposable income,MEDIAN,Median,XDC_HH_EQ,National currency per equivalised household,Y18T65,From 18 to 65 years,METH2012,Income definition since 2012,D_CUR,Current definition,_Z,Not applicable,2018,,21096,,A,Normal value,,,GBP,Pound sterling,0,Zero,V,Current prices,,,,
DATAFLOW,OECD.WISE.INE:DSD_WISE_IDD@DF_IDD(1.0),Income distribution database,I,DEU,Germany,A,Annual,INC_DISP,Disposable income,MEDIAN,Median,XDC_HH_EQ,National currency per equivalised household,Y18T65,From 18 to 65 years,METH2012,Income definition since 2012,D_CUR,Current definition,_Z,Not applicable,2015,,23638,,A,Normal value,,,EUR,Euro,0,Zero,V,Current prices,,,,
DATAFLOW,OECD.WISE.INE:DSD_WISE_IDD@DF_IDD(1.0),Income distribution database,I,DEU,Germany,A,Annual,INC_DISP,Disposable income,MEDIAN,Median,XDC_HH_EQ,National currency per equivalised household,Y18T65,From 18 to 65 years,METH2012,Income definition since 2012,D_CUR,Current definition,_Z,Not applicable,2016,,24284,,A,Normal value,,,EUR,Euro,0,Zero,V,Current prices,,,,
DATAFLOW,OECD.WISE.INE:DSD_WISE_IDD@DF_IDD(1.0),Income distribution database,I,DEU,Germany,A,Annual,INC_DISP,Disposable income,MEDIAN,Median,XDC_HH_EQ,National currency per equivalised household,Y18T65,From 18 to 65 years,METH2012,Income definition since 2012,D_CUR,Current definition,_Z,Not applicable,2017,,25019,,A,Normal value,,,EUR,Euro,0,Zero,V,Current prices,,,,
DATAFLOW,OECD.WISE.INE:DSD_WISE_IDD@DF_IDD(1.0),Income distribution database,I,DEU,Germany,A,Annual,INC_DISP,Disposable income,MEDIAN,Median,XDC_HH_EQ,National currency per equivalised household,Y18T65,From 18 to 65 years,METH2012,Income definition since 2012,D_CUR,Current definition,_Z,Not applicable,2018,,26064,,A,Normal value,,,EUR,Euro,0,Zero,V,Current prices,,,,
DATAFLOW,OECD.WISE.INE:DSD_WISE_IDD@DF_IDD(1.0),Income distribution database,I,DEU,Germany,A,Annual,INC_DISP,Disposable income,MEDIAN,Median,XDC_HH_EQ,National currency per equivalised household,Y18T65,From 18 to 65 years,METH2012,Income definition since 2012,D_CUR,Current definition,_Z,Not applicable,2019,,27554,,A,Normal value,,,EUR,Euro,0,Zero,V,Current prices,,,,
DATAFLOW,OECD.WISE.INE:DSD_WISE_IDD@DF_IDD(1.0),Income distribution database,I,DEU,Germany,A,Annual,INC_DISP,Disposable income,MEDIAN,Median,XDC_HH_EQ,National currency per equivalised household,Y18T65,From 18 to 65 years,METH2012,Income definition since 2012,D_CUR,Current definition,_Z,Not applicable,2020,,29029,,A,Normal value,,,EUR,Euro,0,Zero,V,Current prices,,,,
DATAFLOW,OECD.WISE.INE:DSD_WISE_IDD@DF_IDD(1.0),Income distribution database,I,ITA,Italy,A,Annual,INC_DISP,Disposable income,MEDIAN,Median,XDC_HH_EQ,National currency per equivalised household,Y18T65,From 18 to 65 years,METH2012,Income definition since 2012,D_CUR,Current definition,_Z,Not applicable,2016,,19405,,A,Normal value,,,EUR,Euro,0,Zero,V,Current prices,,,,
DATAFLOW,OECD.WISE.INE:DSD_WISE_IDD@DF_IDD(1.0),Income distribution database,I,ITA,Italy,A,Annual,INC_DISP,Disposable income,MEDIAN,Median,XDC_HH_EQ,National currency per equivalised household,Y18T65,From 18 to 65 years,METH2012,Income definition since 2012,D_CUR,Current definition,_Z,Not applicable,2017,,19733,,A,Normal value,,,EUR,Euro,0,Zero,V,Current prices,,,,
DATAFLOW,OECD.WISE.INE:DSD_WISE_IDD@DF_IDD(1.0),Income distribution database,I,ITA,Italy,A,Annual,INC_DISP,Disposable income,MEDIAN,Median,XDC_HH_EQ,National currency per equivalised household,Y18T65,From 18 to 65 years,METH2012,Income definition since 2012,D_CUR,Current definition,_Z,Not applicable,2020,,20491,,A,Normal value,,,EUR,Euro,0,Zero,V,Current prices,,,,
DATAFLOW,OECD.WISE.INE:DSD_WISE_IDD@DF_IDD(1.0),Income distribution database,I,FRA,France,A,Annual,INC_DISP,Disposable income,MEDIAN,Median,XDC_HH_EQ,National currency per equivalised household,Y18T65,From 18 to 65 years,METH2012,Income definition since 2012,D_CUR,Current definition,_Z,Not applicable,2023,,29140,,A,Normal value,,,EUR,Euro,0,Zero,V,Current prices,,,,
DATAFLOW,OECD.WISE.INE:DSD_WISE_IDD@DF_IDD(1.0),Income distribution database,I,DEU,Germany,A,Annual,INC_DISP,Disposable income,MEDIAN,Median,XDC_HH_EQ,National currency per equivalised household,Y18T65,From 18 to 65 years,METH2012,Income definition since 2012,D_CUR,Current definition,_Z,Not applicable,2022,,30835,,A,Normal value,,,EUR,Euro,0,Zero,V,Current prices,,,,
DATAFLOW,OECD.WISE.INE:DSD_WISE_IDD@DF_IDD(1.0),Income distribution database,I,ITA,Italy,A,Annual,INC_DISP,Disposable income,MEDIAN,Median,XDC_HH_EQ,National currency per equivalised household,Y18T65,From 18 to 65 years,METH2012,Income definition since 2012,D_CUR,Current definition,_Z,Not applicable,2013,,18659.986328125,,A,Normal value,,,EUR,Euro,0,Zero,V,Current prices,,,,
DATAFLOW,OECD.WISE.INE:DSD_WISE_IDD@DF_IDD(1.0),Income distribution database,I,ITA,Italy,A,Annual,INC_DISP,Disposable income,MEDIAN,Median,XDC_HH_EQ,National currency per equivalised household,Y18T65,From 18 to 65 years,METH2012,Income definition since 2012,D_CUR,Current definition,_Z,Not applicable,2019,,20936.724609375,,A,Normal value,,,EUR,Euro,0,Zero,V,Current prices,,,,
DATAFLOW,OECD.WISE.INE:DSD_WISE_IDD@DF_IDD(1.0),Income distribution database,I,ITA,Italy,A,Annual,INC_DISP,Disposable income,MEDIAN,Median,XDC_HH_EQ,National currency per equivalised household,Y18T65,From 18 to 65 years,METH2012,Income definition since 2012,D_CUR,Current definition,_Z,Not applicable,2021,,21775.353515625,,A,Normal value,,,EUR,Euro,0,Zero,V,Current prices,,,,
DATAFLOW,OECD.WISE.INE:DSD_WISE_IDD@DF_IDD(1.0),Income distribution database,I,ITA,Italy,A,Annual,INC_DISP,Disposable income,MEDIAN,Median,XDC_HH_EQ,National currency per equivalised household,Y18T65,From 18 to 65 years,METH2012,Income definition since 2012,D_CUR,Current definition,_Z,Not applicable,2023,,24015.4609375,,A,Normal value,,,EUR,Euro,0,Zero,V,Current prices,,,,
DATAFLOW,OECD.WISE.INE:DSD_WISE_IDD@DF_IDD(1.0),Income distribution database,I,ESP,Spain,A,Annual,INC_DISP,Disposable income,MEDIAN,Median,XDC_HH_EQ,National currency per equivalised household,Y18T65,From 18 to 65 years,METH2012,Income definition since 2012,D_CUR,Current definition,_Z,Not applicable,2013,,15542.095703125,,A,Normal value,,,EUR,Euro,0,Zero,V,Current prices,,,,
DATAFLOW,OECD.WISE.INE:DSD_WISE_IDD@DF_IDD(1.0),Income distribution database,I,ESP,Spain,A,Annual,INC_DISP,Disposable income,MEDIAN,Median,XDC_HH_EQ,National currency per equivalised household,Y18T65,From 18 to 65 years,METH2012,Income definition since 2012,D_CUR,Current definition,_Z,Not applicable,2014,,15429.494140625,,A,Normal value,,,EUR,Euro,0,Zero,V,Current prices,,,,
DATAFLOW,OECD.WISE.INE:DSD_WISE_IDD@DF_IDD(1.0),Income distribution database,I,ESP,Spain,A,Annual,INC_DISP,Disposable income,MEDIAN,Median,XDC_HH_EQ,National currency per equivalised household,Y18T65,From 18 to 65 years,METH2012,Income definition since 2012,D_CUR,Current definition,_Z,Not applicable,2015,,15783.5849609375,,A,Normal value,,,EUR,Euro,0,Zero,V,Current prices,,,,
DATAFLOW,OECD.WISE.INE:DSD_WISE_IDD@DF_IDD(1.0),Income distribution database,I,ESP,Spain,A,Annual,INC_DISP,Disposable income,MEDIAN,Median,XDC_HH_EQ,National currency per equivalised household,Y18T65,From 18 to 65 years,METH2012,Income definition since 2012,D_CUR,Current definition,_Z,Not applicable,2016,,16647.548828125,,A,Normal value,,,EUR,Euro,0,Zero,V,Current prices,,,,
DATAFLOW,OECD.WISE.INE:DSD_WISE_IDD@DF_IDD(1.0),Income distribution database,I,ESP,Spain,A,Annual,INC_DISP,Disposable income,MEDIAN,Median,XDC_HH_EQ,National currency per equivalised household,Y18T65,From 18 to 65 years,METH2012,Income definition since 2012,D_CUR,Current definition,_Z,Not applicable,2017,,17120.751953125,,A,Normal value,,,EUR,Euro,0,Zero,V,Current prices,,,,
DATAFLOW,OECD.WISE.INE:DSD_WISE_IDD@DF_IDD(1.0),Income distribution database,I,ESP,Spain,A,Annual,INC_DISP,Disposable income,MEDIAN,Median,XDC_HH_EQ,National currency per equivalised household,Y18T65,From 18 to 65 years,METH2012,Income definition since 2012,D_CUR,Current definition,_Z,Not applicable,2018,,17604.69921875,,A,Normal value,,,EUR,Euro,0,Zero,V,Current prices,,,,
DATAFLOW,OECD.WISE.INE:DSD_WISE_IDD@DF_IDD(1.0),Income distribution database,I,ESP,Spain,A,Annual,INC_DISP,Disposable income,MEDIAN,Median,XDC_HH_EQ,National currency per equivalised household,Y18T65,From 18 to 65 years,METH2012,Income definition since 2012,D_CUR,Current definition,_Z,Not applicable,2019,,18781.87109375,,A,Normal value,,,EUR,Euro,0,Zero,V,Current prices,,,,
DATAFLOW,OECD.WISE.INE:DSD_WISE_IDD@DF_IDD(1.0),Income distribution database,I,ESP,Spain,A,Annual,INC_DISP,Disposable income,MEDIAN,Median,XDC_HH_EQ,National currency per equivalised household,Y18T65,From 18 to 65 years,METH2012,Income definition since 2012,D_CUR,Current definition,_Z,Not applicable,2021,,19859.048828125,,A,Normal value,,,EUR,Euro,0,Zero,V,Current prices,,,,
DATAFLOW,OECD.WISE.INE:DSD_WISE_IDD@DF_IDD(1.0),Income distribution database,I,ESP,Spain,A,Annual,INC_DISP,Disposable income,MEDIAN,Median,XDC_HH_EQ,National currency per equivalised household,Y18T65,From 18 to 65 years,METH2012,Income definition since 2012,D_CUR,Current definition,_Z,Not applicable,2022,,21452.951171875,,A,Normal value,,,EUR,Euro,0,Zero,V,Current prices,,,,
DATAFLOW,OECD.WISE.INE:DSD_WISE_IDD@DF_IDD(1.0),Income distribution database,I,ESP,Spain,A,Annual,INC_DISP,Disposable income,MEDIAN,Median,XDC_HH_EQ,National currency per equivalised household,Y18T65,From 18 to 65 years,METH2012,Income definition since 2012,D_CUR,Current definition,_Z,Not applicable,2023,,22973.40234375,,A,Normal value,,,EUR,Euro,0,Zero,V,Current prices,,,,
DATAFLOW,OECD.WISE.INE:DSD_WISE_IDD@DF_IDD(1.0),Income distribution database,I,DEU,Germany,A,Annual,INC_DISP,Disposable income,MEDIAN,Median,XDC_HH_EQ,National currency per equivalised household,Y18T65,From 18 to 65 years,METH2012,Income definition since 2012,D_CUR,Current definition,_Z,Not applicable,2021,,30013,,A,Normal value,,,EUR,Euro,0,Zero,V,Current prices,,,,
DATAFLOW,OECD.WISE.INE:DSD_WISE_IDD@DF_IDD(1.0),Income distribution database,I,DEU,Germany,A,Annual,INC_DISP,Disposable income,MEAN,Arithmetic mean,XDC_HH_EQ,National currency per equivalised household,Y18T65,From 18 to 65 years,METH2012,Income definition since 2012,D_CUR,Current definition,_Z,Not applicable,2022,,34798,,A,Normal value,,,EUR,Euro,0,Zero,V,Current prices,,,,
DATAFLOW,OECD.WISE.INE:DSD_WISE_IDD@DF_IDD(1.0),Income distribution database,I,FRA,France,A,Annual,INC_DISP,Disposable income,MEAN,Arithmetic mean,XDC_HH_EQ,National currency per equivalised household,Y18T65,From 18 to 65 years,METH2012,Income definition since 2012,D_CUR,Current definition,_Z,Not applicable,2021,,30200,,A,Normal value,,,EUR,Euro,0,Zero,V,Current prices,,,,
DATAFLOW,OECD.WISE.INE:DSD_WISE_IDD@DF_IDD(1.0),Income distribution database,I,DEU,Germany,A,Annual,INC_DISP,Disposable income,MEAN,Arithmetic mean,XDC_HH_EQ,National currency per equivalised household,Y18T65,From 18 to 65 years,METH2012,Income definition since 2012,D_CUR,Current definition,_Z,Not applicable,2013,,25956,,A,Normal value,,,EUR,Euro,0,Zero,V,Current prices,,,,
DATAFLOW,OECD.WISE.INE:DSD_WISE_IDD@DF_IDD(1.0),Income distribution database,I,ESP,Spain,A,Annual,INC_DISP,Disposable income,MEAN,Arithmetic mean,XDC_HH_EQ,National currency per equivalised household,Y18T65,From 18 to 65 years,METH2012,Income definition since 2012,D_CUR,Current definition,_Z,Not applicable,2018,,20035.865234375,,A,Normal value,,,EUR,Euro,0,Zero,V,Current prices,,,,
DATAFLOW,OECD.WISE.INE:DSD_WISE_IDD@DF_IDD(1.0),Income distribution database,I,ESP,Spain,A,Annual,INC_DISP,Disposable income,MEAN,Arithmetic mean,XDC_HH_EQ,National currency per equivalised household,Y18T65,From 18 to 65 years,METH2012,Income definition since 2012,D_CUR,Current definition,_Z,Not applicable,2015,,18264.2890625,,A,Normal value,,,EUR,Euro,0,Zero,V,Current prices,,,,
DATAFLOW,OECD.WISE.INE:DSD_WISE_IDD@DF_IDD(1.0),Income distribution database,I,ESP,Spain,A,Annual,INC_DISP,Disposable income,MEAN,Arithmetic mean,XDC_HH_EQ,National currency per equivalised household,Y18T65,From 18 to 65 years,METH2012,Income definition since 2012,D_CUR,Current definition,_Z,Not applicable,2016,,19002.072265625,,A,Normal value,,,EUR,Euro,0,Zero,V,Current prices,,,,
DATAFLOW,OECD.WISE.INE:DSD_WISE_IDD@DF_IDD(1.0),Income distribution database,I,ESP,Spain,A,Annual,INC_DISP,Disposable income,MEAN,Arithmetic mean,XDC_HH_EQ,National currency per equivalised household,Y18T65,From 18 to 65 years,METH2012,Income definition since 2012,D_CUR,Current definition,_Z,Not applicable,2017,,19622.6640625,,A,Normal value,,,EUR,Euro,0,Zero,V,Current prices,,,,
DATAFLOW,OECD.WISE.INE:DSD_WISE_IDD@DF_IDD(1.0),Income distribution database,I,GBR,United Kingdom,A,Annual,INC_DISP,Disposable income,MEDIAN,Median,XDC_HH_EQ,National currency per equivalised household,Y18T65,From 18 to 65 years,METH2012,Income definition since 2012,D_CUR,Current definition,_Z,Not applicable,2019,,22162,,A,Normal value,,,GBP,Pound sterling,0,Zero,V,Current prices,,,,
DATAFLOW,OECD.WISE.INE:DSD_WISE_IDD@DF_IDD(1.0),Income distribution database,I,DEU,Germany,A,Annual,INC_DISP,Disposable income,MEDIAN,Median,XDC_HH_EQ,National currency per equivalised household,Y18T65,From 18 to 65 years,METH2012,Income definition since 2012,D_CUR,Current definition,_Z,Not applicable,2014,,23118,,A,Normal value,,,EUR,Euro,0,Zero,V,Current prices,,,,
DATAFLOW,OECD.WISE.INE:DSD_WISE_IDD@DF_IDD(1.0),Income distribution database,I,DEU,Germany,A,Annual,INC_DISP,Disposable income,MEAN,Arithmetic mean,XDC_HH_EQ,National currency per equivalised household,Y18T65,From 18 to 65 years,METH2012,Income definition since 2012,D_CUR,Current definition,_Z,Not applicable,2015,,26546,,A,Normal value,,,EUR,Euro,0,Zero,V,Current prices,,,,
DATAFLOW,OECD.WISE.INE:DSD_WISE_IDD@DF_IDD(1.0),Income distribution database,I,DEU,Germany,A,Annual,INC_DISP,Disposable income,MEAN,Arithmetic mean,XDC_HH_EQ,National currency per equivalised household,Y18T65,From 18 to 65 years,METH2012,Income definition since 2012,D_CUR,Current definition,_Z,Not applicable,2016,,27366,,A,Normal value,,,EUR,Euro,0,Zero,V,Current prices,,,,
DATAFLOW,OECD.WISE.INE:DSD_WISE_IDD@DF_IDD(1.0),Income distribution database,I,DEU,Germany,A,Annual,INC_DISP,Disposable income,MEAN,Arithmetic mean,XDC_HH_EQ,National currency per equivalised household,Y18T65,From 18 to 65 years,METH2012,Income definition since 2012,D_CUR,Current definition,_Z,Not applicable,2017,,28103,,A,Normal value,,,EUR,Euro,0,Zero,V,Current prices,,,,
